id,host_id,name,neighbourhood_cleansed,room_type,price,availability_90,unmatched_reason
2100055,512958,2 BR Taipei Home /FREE ＷiFi/With Elevator,文山區,Entire home/apt,"$11,031.67",82,2026年6/7月新上架房源，歷史資料(2025)中查無此 host_id 之 host_since 紀錄 (真實新房東/冷啟動)
4484717,7121137,"MRT 6 min,Balcony,Studio,新北投捷運陽台，整層",北投區,Entire home/apt,"$1,468.43",59,2026年6/7月新上架房源，歷史資料(2025)中查無此 host_id 之 host_since 紀錄 (真實新房東/冷啟動)
4729602,24423404,2BR Stylish Service Apt near DaAn Park/DongmenMRT,大安區,Entire home/apt,"$3,514.17",28,2026年6/7月新上架房源，歷史資料(2025)中查無此 host_id 之 host_since 紀錄 (真實新房東/冷啟動)
5117935,26449355,Cozy King Bed En-Suite in Daan (3-Min Walk to MRT),大安區,Private room,$872.10,40,2026年6/7月新上架房源，歷史資料(2025)中查無此 host_id 之 host_since 紀錄 (真實新房東/冷啟動)
5118544,26449355,Twin Private Room,大安區,Private room,$874.59,28,2026年6/7月新上架房源，歷史資料(2025)中查無此 host_id 之 host_since 紀錄 (真實新房東/冷啟動)
9688111,50036805,西門町捷運旁3分鐘可到.4人房.2大床.窗,萬華區,Entire home/apt,"$3,650.50",82,2026年6/7月新上架房源，歷史資料(2025)中查無此 host_id 之 host_since 紀錄 (真實新房東/冷啟動)
9691498,50036805,西門捷運站旁3分鐘可到.2人房 .1雙人床。窗,萬華區,Entire home/apt,"$2,455.00",82,2026年6/7月新上架房源，歷史資料(2025)中查無此 host_id 之 host_since 紀錄 (真實新房東/冷啟動)
9691862,50036805,西門捷運站旁3分鐘可到。2人房1雙人床。窗,萬華區,Entire home/apt,"$2,458.00",87,2026年6/7月新上架房源，歷史資料(2025)中查無此 host_id 之 host_since 紀錄 (真實新房東/冷啟動)
13753608,28039537,Ximen MRT3min★Hello Kitty ONE DAY III,萬華區,Entire home/apt,,0,2026年6/7月新上架房源，歷史資料(2025)中查無此 host_id 之 host_since 紀錄 (真實新房東/冷啟動)
15181629,9614081,Quiet Spacious Studio for Monthly Living in Taipei,信義區,Entire home/apt,"$3,539.77",83,2026年6/7月新上架房源，歷史資料(2025)中查無此 host_id 之 host_since 紀錄 (真實新房東/冷啟動)
16057271,54549945,內湖挑高景觀套房(月租有優惠，歡迎參觀）,內湖區,Entire home/apt,"$1,320.32",89,2026年6/7月新上架房源，歷史資料(2025)中查無此 host_id 之 host_since 紀錄 (真實新房東/冷啟動)
16503407,23121443,Private room/ Songshan Apt /Homestay/Taipei Arena,松山區,Shared room,"$1,226.50",58,2026年6/7月新上架房源，歷史資料(2025)中查無此 host_id 之 host_since 紀錄 (真實新房東/冷啟動)
16815692,26449355,大安區舒適雅房（近師大/台大）捷運台電大樓站旁,大安區,Private room,$610.47,12,2026年6/7月新上架房源，歷史資料(2025)中查無此 host_id 之 host_since 紀錄 (真實新房東/冷啟動)
17321716,44139449,台北医学大学/微风南山/101地铁站,信義區,Entire home/apt,"$1,046.82",72,2026年6/7月新上架房源，歷史資料(2025)中查無此 host_id 之 host_since 紀錄 (真實新房東/冷啟動)
18943399,50036805,西門捷運站旁3分鐘可到。5人房.2雙人床.1單人床.窗,萬華區,Entire home/apt,"$5,192.50",85,2026年6/7月新上架房源，歷史資料(2025)中查無此 host_id 之 host_since 紀錄 (真實新房東/冷啟動)
20550197,17231776,旅行者-床位（only for women)-3床,大安區,Shared room,$526.00,88,2026年6/7月新上架房源，歷史資料(2025)中查無此 host_id 之 host_since 紀錄 (真實新房東/冷啟動)
20550411,17231776,旅行者之家,大安區,Private room,"$1,141.18",83,2026年6/7月新上架房源，歷史資料(2025)中查無此 host_id 之 host_since 紀錄 (真實新房東/冷啟動)
21952826,95136275,光腳ㄚの民宿(三房兩廳),南港區,Entire home/apt,"$5,157.00",12,2026年6/7月新上架房源，歷史資料(2025)中查無此 host_id 之 host_since 紀錄 (真實新房東/冷啟動)
24142988,55261610,MoonHouse | Ximen 7 min | 3BR for 8 | Quiet Stay,萬華區,Entire home/apt,"$3,971.20",48,2026年6/7月新上架房源，歷史資料(2025)中查無此 host_id 之 host_since 紀錄 (真實新房東/冷啟動)
24589627,50036805,西門捷運站旁3分鐘可到.1雙人床.窗.,萬華區,Entire home/apt,"$2,482.00",87,2026年6/7月新上架房源，歷史資料(2025)中查無此 host_id 之 host_since 紀錄 (真實新房東/冷啟動)
30046781,225812818,內湖挑高優美小豪宅(月租有優惠),內湖區,Entire home/apt,"$1,404.39",81,2026年6/7月新上架房源，歷史資料(2025)中查無此 host_id 之 host_since 紀錄 (真實新房東/冷啟動)
31064292,80175160,"房號201,出門就是西門町,2人獨立套房,近西門站,北門站,非常方便,FREE WIFI",萬華區,Private room,$887.79,87,2026年6/7月新上架房源，歷史資料(2025)中查無此 host_id 之 host_since 紀錄 (真實新房東/冷啟動)
33141446,248735218,寧夏夜市溫馨住宅,大同區,Entire home/apt,"$31,372.50",89,2026年6/7月新上架房源，歷史資料(2025)中查無此 host_id 之 host_since 紀錄 (真實新房東/冷啟動)
33295644,231752097,2019/3开幕优惠!法式微工业混搭风/科技大楼捷运5分鐘/全新家俱/临江夜市商圈【Da'an F】,大安區,Entire home/apt,"$4,679.00",27,2026年6/7月新上架房源，歷史資料(2025)中查無此 host_id 之 host_since 紀錄 (真實新房東/冷啟動)
33541363,19182679,台電大樓捷運站3號出口,大安區,Private room,"$4,908.00",89,2026年6/7月新上架房源，歷史資料(2025)中查無此 host_id 之 host_since 紀錄 (真實新房東/冷啟動)
34634200,261289291,□Lovely101■ near #Taipei101/MRT/Trade Center/Elite,信義區,Entire home/apt,"$3,935.50",37,2026年6/7月新上架房源，歷史資料(2025)中查無此 host_id 之 host_since 紀錄 (真實新房東/冷啟動)
35813751,48919059,最新房源門禁安全新式電梯大樓新套房1-4人 近台北機場捷運中山捷運站 寧夏夜市迪化老街,大同區,Entire home/apt,,0,2026年6/7月新上架房源，歷史資料(2025)中查無此 host_id 之 host_since 紀錄 (真實新房東/冷啟動)
37787842,101532541,吳興街小房,信義區,Private room,"$4,855.20",53,2026年6/7月新上架房源，歷史資料(2025)中查無此 host_id 之 host_since 紀錄 (真實新房東/冷啟動)
38841537,292091806,Monthly rental co-living space 自由月租+即刻擁有大客廳,中正區,Shared room,$409.30,83,2026年6/7月新上架房源，歷史資料(2025)中查無此 host_id 之 host_since 紀錄 (真實新房東/冷啟動)
38892382,297859409,HioQuen MRT Ximen Station,萬華區,Entire home/apt,"$1,968.00",74,2026年6/7月新上架房源，歷史資料(2025)中查無此 host_id 之 host_since 紀錄 (真實新房東/冷啟動)
39237991,21900890,Quiet Taipei 101 4P apt 2 bedroom and 2 Bathroom,信義區,Entire home/apt,$284.69,88,2026年6/7月新上架房源，歷史資料(2025)中查無此 host_id 之 host_since 紀錄 (真實新房東/冷啟動)
39238500,21900890,Quiet Taipei 101 3P apt 2 bedroom long stay,信義區,Entire home/apt,$268.09,89,2026年6/7月新上架房源，歷史資料(2025)中查無此 host_id 之 host_since 紀錄 (真實新房東/冷啟動)
39238967,21900890,Quiet Taipei 101 3P apt 2 bedroom long stay,信義區,Entire home/apt,$227.73,89,2026年6/7月新上架房源，歷史資料(2025)中查無此 host_id 之 host_since 紀錄 (真實新房東/冷啟動)
39666721,110126722,Cicada Haven蟬林寓所@龍山寺MRT Designer House (1-6人),萬華區,Entire home/apt,"$4,771.00",84,2026年6/7月新上架房源，歷史資料(2025)中查無此 host_id 之 host_since 紀錄 (真實新房東/冷啟動)
42721939,292091806,[Long term+monthly rental] Lovely co-living space,中正區,Private room,$671.37,60,2026年6/7月新上架房源，歷史資料(2025)中查無此 host_id 之 host_since 紀錄 (真實新房東/冷啟動)
44513414,292091806,Monthly Rental Share House 自由月租+即刻擁有大客廳,中山區,Shared room,$420.37,83,2026年6/7月新上架房源，歷史資料(2025)中查無此 host_id 之 host_since 紀錄 (真實新房東/冷啟動)
45996867,16908874,Cozy Room near Longshan Temple LS1,萬華區,Private room,,11,2026年6/7月新上架房源，歷史資料(2025)中查無此 host_id 之 host_since 紀錄 (真實新房東/冷啟動)
52213935,96257044,文湖線萬芳捷運站MRT時尚男生(male)背包客房(Room B右下舖),文山區,Shared room,$624.00,89,2026年6/7月新上架房源，歷史資料(2025)中查無此 host_id 之 host_since 紀錄 (真實新房東/冷啟動)
53085562,96257044,文湖線萬芳捷運站男生(male)B房右上舖MRT時尚背包客房,文山區,Shared room,$587.00,87,2026年6/7月新上架房源，歷史資料(2025)中查無此 host_id 之 host_since 紀錄 (真實新房東/冷啟動)
581709654957873699,232009663,City Center! Furnished Suite. Private Bed+Bath,中山區,Entire home/apt,"$1,221.00",43,2026年6/7月新上架房源，歷史資料(2025)中查無此 host_id 之 host_since 紀錄 (真實新房東/冷啟動)
608479828591172333,43262572,LeeMZ Studio,大同區,Private room,"$2,829.50",89,2026年6/7月新上架房源，歷史資料(2025)中查無此 host_id 之 host_since 紀錄 (真實新房東/冷啟動)
612659418468815381,28544273,新北投飯店式套房有溫泉 春天酒店正對面,北投區,Entire home/apt,"$3,508.29",89,2026年6/7月新上架房源，歷史資料(2025)中查無此 host_id 之 host_since 紀錄 (真實新房東/冷啟動)
675066457645566078,196097063,信義區捷運溫馨套房,信義區,Entire home/apt,"$1,414.20",71,2026年6/7月新上架房源，歷史資料(2025)中查無此 host_id 之 host_since 紀錄 (真實新房東/冷啟動)
783791239819191228,287347222,西門Ximen MRT6號出口3分鐘無窗雙人房（浴缸）,萬華區,Private room,,0,2026年6/7月新上架房源，歷史資料(2025)中查無此 host_id 之 host_since 紀錄 (真實新房東/冷啟動)
796964462058433996,287347222,西門Ximen MRT6號出口3分鐘無窗雙床房(淋浴),萬華區,Private room,,0,2026年6/7月新上架房源，歷史資料(2025)中查無此 host_id 之 host_since 紀錄 (真實新房東/冷啟動)
825927517102301337,96257044,Wanfang Hospital MRT station Dormitory – Room B 左上,文山區,Shared room,$495.10,89,2026年6/7月新上架房源，歷史資料(2025)中查無此 host_id 之 host_since 紀錄 (真實新房東/冷啟動)
858956218793639843,281626612,TOMATO TTT 02_台北寧夏夜市、大稻埕、赤峰街、捷運中山站,大同區,Private room,"$3,990.00",26,2026年6/7月新上架房源，歷史資料(2025)中查無此 host_id 之 host_since 紀錄 (真實新房東/冷啟動)
870697650512513120,281626612,TOMATO TTT 03_台北寧夏夜市、大稻埕、赤峰街、捷運中山站,大同區,Private room,"$3,600.00",31,2026年6/7月新上架房源，歷史資料(2025)中查無此 host_id 之 host_since 紀錄 (真實新房東/冷啟動)
871865203159264043,281626612,TOMATO TTT 05_台北寧夏夜市、大稻埕、赤峰街、捷運中山站,大同區,Private room,"$3,300.00",41,2026年6/7月新上架房源，歷史資料(2025)中查無此 host_id 之 host_since 紀錄 (真實新房東/冷啟動)
871877848588290646,281626612,TOMATO TTT 06_台北寧夏夜市、大稻埕、赤峰街、捷運中山站,大同區,Private room,"$3,300.00",35,2026年6/7月新上架房源，歷史資料(2025)中查無此 host_id 之 host_since 紀錄 (真實新房東/冷啟動)
874878064229378880,3390595,"150sqm flat, modern, bright, furbished, convenient",士林區,Entire home/apt,"$7,418.00",47,2026年6/7月新上架房源，歷史資料(2025)中查無此 host_id 之 host_since 紀錄 (真實新房東/冷啟動)
875170060728775967,281626612,TOMATO TTT 01_台北寧夏夜市、大稻埕、赤峰街、捷運中山站,大同區,Private room,"$3,591.00",39,2026年6/7月新上架房源，歷史資料(2025)中查無此 host_id 之 host_since 紀錄 (真實新房東/冷啟動)
940486327348920442,27387698,A big master room with a private bathroom,大安區,Private room,"$2,339.42",88,2026年6/7月新上架房源，歷史資料(2025)中查無此 host_id 之 host_since 紀錄 (真實新房東/冷啟動)
945177969312159803,515756856,Taipower MRT#Taipei 101#NTU/NTNU#Monthly promo~,大安區,Entire home/apt,"$8,844.50",42,2026年6/7月新上架房源，歷史資料(2025)中查無此 host_id 之 host_since 紀錄 (真實新房東/冷啟動)
947382745275372545,96270014,Cozy 2BR/2BA • 5 min walk to MRT • Elevator,大同區,Entire home/apt,"$3,080.34",51,2026年6/7月新上架房源，歷史資料(2025)中查無此 host_id 之 host_since 紀錄 (真實新房東/冷啟動)
983532986319936586,14943860,萬隆站明亮簡約宅｜4F單人雅房｜近文山景美運動公園,文山區,Private room,"$1,310.50",78,2026年6/7月新上架房源，歷史資料(2025)中查無此 host_id 之 host_since 紀錄 (真實新房東/冷啟動)
1009711914231502906,6534092,陽光度假式共享客棧～個人獨立臥房,內湖區,Private room,"$1,255.33",77,2026年6/7月新上架房源，歷史資料(2025)中查無此 host_id 之 host_since 紀錄 (真實新房東/冷啟動)
1011981049013630388,6534092,陽光渡假式共享客棧～獨立個人臥室,內湖區,Private room,"$1,255.33",82,2026年6/7月新上架房源，歷史資料(2025)中查無此 host_id 之 host_since 紀錄 (真實新房東/冷啟動)
1066291327059144072,6534092,內湖陽光共享公寓-個人臥室,內湖區,Private room,"$1,285.00",89,2026年6/7月新上架房源，歷史資料(2025)中查無此 host_id 之 host_since 紀錄 (真實新房東/冷啟動)
1111372097854706999,8066785,Cozy room in Taipei/MRT Shipai,北投區,Private room,"$1,655.00",83,2026年6/7月新上架房源，歷史資料(2025)中查無此 host_id 之 host_since 紀錄 (真實新房東/冷啟動)
1145291901477382037,114396377,Lovely stay near Taipei Arena with two fluffy cats,松山區,Private room,"$3,218.00",88,2026年6/7月新上架房源，歷史資料(2025)中查無此 host_id 之 host_since 紀錄 (真實新房東/冷啟動)
1199237946245765641,27387698,在寬敞電梯公寓裡有著明亮大窗戶的雙人房,大安區,Private room,"$1,680.00",0,2026年6/7月新上架房源，歷史資料(2025)中查無此 host_id 之 host_since 紀錄 (真實新房東/冷啟動)
1285384799015824869,543442185,台北小巨蛋,松山區,Entire home/apt,"$2,611.40",82,2026年6/7月新上架房源，歷史資料(2025)中查無此 host_id 之 host_since 紀錄 (真實新房東/冷啟動)
1322346117938188429,40024069,Room in Taipei City,大安區,Entire home/apt,"$2,336.00",89,2026年6/7月新上架房源，歷史資料(2025)中查無此 host_id 之 host_since 紀錄 (真實新房東/冷啟動)
1327589980246381881,10593483,Boho Stay with Private Lounge near Taipei 101,信義區,Private room,"$2,636.58",89,2026年6/7月新上架房源，歷史資料(2025)中查無此 host_id 之 host_since 紀錄 (真實新房東/冷啟動)
1328916778249986911,671394928,Sky Tower 『台北101』『MRT』『GYM』『夜市』『24hrs 超市與超商』『象山』,信義區,Entire home/apt,"$3,884.74",60,2026年6/7月新上架房源，歷史資料(2025)中查無此 host_id 之 host_since 紀錄 (真實新房東/冷啟動)
1390356484535493046,212752369,東區X忠孝復興捷運X SOGO百貨,大安區,Entire home/apt,"$2,333.50",61,2026年6/7月新上架房源，歷史資料(2025)中查無此 host_id 之 host_since 紀錄 (真實新房東/冷啟動)
1425135375905596471,696185143,月租短租2房1廳可料理晴光夜市5分鐘電梯有管理預訂有折扣、捷運8分鐘安靜舒適,中山區,Entire home/apt,"$1,829.93",40,2026年6/7月新上架房源，歷史資料(2025)中查無此 host_id 之 host_since 紀錄 (真實新房東/冷啟動)
1428238476332337970,21444823,昆陽一樓靜宅 ｜藍線昆陽捷運站五分 | 獨立出入口,南港區,Entire home/apt,"$5,966.00",59,2026年6/7月新上架房源，歷史資料(2025)中查無此 host_id 之 host_since 紀錄 (真實新房東/冷啟動)
1434825055797018803,1748952,Cozy Pad - A sweet cozy corner to call home,中正區,Entire home/apt,"$1,590.00",34,2026年6/7月新上架房源，歷史資料(2025)中查無此 host_id 之 host_since 紀錄 (真實新房東/冷啟動)
1441861773756075907,27387698,大安區寬敞公寓裡的溫馨雙人床雅房,大安區,Private room,"$1,064.33",71,2026年6/7月新上架房源，歷史資料(2025)中查無此 host_id 之 host_since 紀錄 (真實新房東/冷啟動)
1456181478854857929,27387698,溫馨舒適雙人房位於科技大樓步行5分鐘距離的寬敞電梯華廈裡,大安區,Private room,"$1,600.33",31,2026年6/7月新上架房源，歷史資料(2025)中查無此 host_id 之 host_since 紀錄 (真實新房東/冷啟動)
1459038190460794975,294910823,3BR Apt in Nangang｜10 Min to Taipei 101｜Long Stay,南港區,Entire home/apt,"$7,556.14",58,2026年6/7月新上架房源，歷史資料(2025)中查無此 host_id 之 host_since 紀錄 (真實新房東/冷啟動)
1488100966456201445,29156706,Garden View Hotel in Ximending,萬華區,Private room,"$2,175.20",90,2026年6/7月新上架房源，歷史資料(2025)中查無此 host_id 之 host_since 紀錄 (真實新房東/冷啟動)
1497517729493582996,533597390,老闆的秘密基地 森林公園第一排空中花園閣樓,大安區,Entire home/apt,"$7,988.33",57,2026年6/7月新上架房源，歷史資料(2025)中查無此 host_id 之 host_since 紀錄 (真實新房東/冷啟動)
1498420448671169868,29156706,Graffiti Street View Double Room Ximending,萬華區,Private room,"$2,338.00",89,2026年6/7月新上架房源，歷史資料(2025)中查無此 host_id 之 host_since 紀錄 (真實新房東/冷啟動)
1499964469691933358,8562393,Stay a While • near MRT •  Private Room | 其途,中山區,Private room,"$1,369.67",53,2026年6/7月新上架房源，歷史資料(2025)中查無此 host_id 之 host_since 紀錄 (真實新房東/冷啟動)
1505551941770178517,717863172,9.6台北西門町/三床露臺房,萬華區,Entire home/apt,"$4,261.87",34,2026年6/7月新上架房源，歷史資料(2025)中查無此 host_id 之 host_since 紀錄 (真實新房東/冷啟動)
1514307977398509002,24674764,Freshly Renovated – 5 Min to KunYang MRT station!,南港區,Entire home/apt,"$3,515.00",76,2026年6/7月新上架房源，歷史資料(2025)中查無此 host_id 之 host_since 紀錄 (真實新房東/冷啟動)
1517883686272140241,720766734,Nest • by Cing,大安區,Entire home/apt,"$3,309.50",55,2026年6/7月新上架房源，歷史資料(2025)中查無此 host_id 之 host_since 紀錄 (真實新房東/冷啟動)
1520791307973873005,717279466,鄰近台北101/臨江夜市/交通美食都方便,大安區,Private room,"$1,837.50",46,2026年6/7月新上架房源，歷史資料(2025)中查無此 host_id 之 host_since 紀錄 (真實新房東/冷啟動)
1521475424215287349,665947786,Bright room natural light near metro,中山區,Private room,"$1,791.80",61,2026年6/7月新上架房源，歷史資料(2025)中查無此 host_id 之 host_since 紀錄 (真實新房東/冷啟動)
1521729681913363110,93940882,*𝙻𝚢𝚔𝚔𝚎 𝚏𝚕𝚊𝚝* 中山商圈/誠品/赤峰街/寧夏夜市/迪化街/台北車站,大同區,Entire home/apt,"$4,084.33",51,2026年6/7月新上架房源，歷史資料(2025)中查無此 host_id 之 host_since 紀錄 (真實新房東/冷啟動)
1522247926760375549,721753066,#Dongmen MRT#Taipei101#NTU/NTNU#Monthly promo,大安區,Entire home/apt,"$8,672.00",47,2026年6/7月新上架房源，歷史資料(2025)中查無此 host_id 之 host_since 紀錄 (真實新房東/冷啟動)
1522287738979434994,721753066,Guting MRT#Taipei101#NTU/NTNU#Monthly promo,大安區,Entire home/apt,"$8,445.00",52,2026年6/7月新上架房源，歷史資料(2025)中查無此 host_id 之 host_since 紀錄 (真實新房東/冷啟動)
1522807418123351196,721753066,Dongmen MRT#Ximen#Free Airport Transport,中正區,Entire home/apt,"$7,536.00",71,2026年6/7月新上架房源，歷史資料(2025)中查無此 host_id 之 host_since 紀錄 (真實新房東/冷啟動)
1522821801582700212,721753066,Sogo Dep/ DAAN/East district/ free airport pick up,大安區,Entire home/apt,"$7,644.00",60,2026年6/7月新上架房源，歷史資料(2025)中查無此 host_id 之 host_since 紀錄 (真實新房東/冷啟動)
1522841458019325479,721753066,Sogo MRT/ DAAN/ East district/free airport pick up,大安區,Entire home/apt,"$8,582.00",59,2026年6/7月新上架房源，歷史資料(2025)中查無此 host_id 之 host_since 紀錄 (真實新房東/冷啟動)
1523333658689906864,717279466,鄰近台北101/臨江夜市/獨立衛浴,大安區,Private room,"$2,054.50",86,2026年6/7月新上架房源，歷史資料(2025)中查無此 host_id 之 host_since 紀錄 (真實新房東/冷啟動)
1528249761800624699,597100626,[有窗]Simple Stay for 2 | MRT Ximen Station,萬華區,Entire home/apt,"$1,100.00",73,2026年6/7月新上架房源，歷史資料(2025)中查無此 host_id 之 host_since 紀錄 (真實新房東/冷啟動)
1528256052475029438,597100626,[有窗] Stylish Six‑Guest｜MRT  Ximen  Near Yajiang St,萬華區,Entire home/apt,"$1,900.00",28,2026年6/7月新上架房源，歷史資料(2025)中查無此 host_id 之 host_since 紀錄 (真實新房東/冷啟動)
1528265522219655584,597100626,[有窗]Great location double room | Near Ximen MRT,萬華區,Entire home/apt,"$1,100.00",65,2026年6/7月新上架房源，歷史資料(2025)中查無此 host_id 之 host_since 紀錄 (真實新房東/冷啟動)
1528270717490050725,597100626,[有窗]Wooden Cabin Double Room | Near Ximen MRT 810,萬華區,Entire home/apt,"$1,100.00",79,2026年6/7月新上架房源，歷史資料(2025)中查無此 host_id 之 host_since 紀錄 (真實新房東/冷啟動)
1528281728199771921,597100626,[有窗]Romantic WoodStyle 2 person  | Near MRT Ximen,萬華區,Entire home/apt,$990.00,84,2026年6/7月新上架房源，歷史資料(2025)中查無此 host_id 之 host_since 紀錄 (真實新房東/冷啟動)
1529491076737291401,597100626,[有窗]Stylish Six‑Pax Space｜Near  MRT Ximen,中正區,Entire home/apt,"$2,000.00",40,2026年6/7月新上架房源，歷史資料(2025)中查無此 host_id 之 host_since 紀錄 (真實新房東/冷啟動)
1529503290922424525,597100626,[有窗]Textured Double Room | Near MRT Ximen 812,萬華區,Entire home/apt,"$1,100.00",78,2026年6/7月新上架房源，歷史資料(2025)中查無此 host_id 之 host_since 紀錄 (真實新房東/冷啟動)
1529510124229912845,597100626,[有窗]Bright 4-Person Stay｜Near MRT Ximen 5512,萬華區,Entire home/apt,"$1,400.00",46,2026年6/7月新上架房源，歷史資料(2025)中查無此 host_id 之 host_since 紀錄 (真實新房東/冷啟動)
1529515041382103733,597100626,[有窗]Quad Room｜Group Travel｜Near MRT Ximen,萬華區,Entire home/apt,"$1,400.00",62,2026年6/7月新上架房源，歷史資料(2025)中查無此 host_id 之 host_since 紀錄 (真實新房東/冷啟動)
1529520343654433560,597100626,[有窗]Affordable double room | Near Ximen MRT 6A,萬華區,Entire home/apt,"$1,100.00",79,2026年6/7月新上架房源，歷史資料(2025)中查無此 host_id 之 host_since 紀錄 (真實新房東/冷啟動)
1529547527245862349,597100626,[有窗]Quad Room｜Food + Shop Paradise |  MRT Ximen,中正區,Entire home/apt,"$1,520.00",38,2026年6/7月新上架房源，歷史資料(2025)中查無此 host_id 之 host_since 紀錄 (真實新房東/冷啟動)
1529551514658055894,597100626,[有窗]Cozy Double Stay｜West Taipei  | Near MRT Ximen,中正區,Entire home/apt,"$1,100.00",59,2026年6/7月新上架房源，歷史資料(2025)中查無此 host_id 之 host_since 紀錄 (真實新房東/冷啟動)
1530168187700344568,711061309,"台北市中心, 永康街美食, 2 家鼎泰豐, 東門市場捷運1分鐘, 近西門町, 台北車站, 101世貿",中正區,Entire home/apt,"$3,948.67",50,2026年6/7月新上架房源，歷史資料(2025)中查無此 host_id 之 host_since 紀錄 (真實新房東/冷啟動)
1530190956365655173,711061309,"中山堂正對面｜近西門町｜台北車站｜台大醫院｜東門永康街｜101世貿｜鬧中取靜,交通便利,生活機能佳.",中正區,Entire home/apt,"$2,853.00",0,2026年6/7月新上架房源，歷史資料(2025)中查無此 host_id 之 host_since 紀錄 (真實新房東/冷啟動)
1532454946443593142,170273202,Leisure Four | Taipei  18 | Near MRT Ximen,萬華區,Entire home/apt,"$1,520.00",58,2026年6/7月新上架房源，歷史資料(2025)中查無此 host_id 之 host_since 紀錄 (真實新房東/冷啟動)
1532454988117874658,170273202,[有窗]Elegant City Escape for Two｜Near MRT Ximen,萬華區,Entire home/apt,"$1,300.00",83,2026年6/7月新上架房源，歷史資料(2025)中查無此 host_id 之 host_since 紀錄 (真實新房東/冷啟動)
1532455040762912520,170273202,Sweet & Cozy Room | Near MRT Ximen | 06R2,萬華區,Entire home/apt,"$1,400.00",63,2026年6/7月新上架房源，歷史資料(2025)中查無此 host_id 之 host_since 紀錄 (真實新房東/冷啟動)
1532470976789306223,170273202,[有窗]Xiaoyao Double Room｜Near MRT Ximen  Tour,萬華區,Entire home/apt,"$1,425.00",47,2026年6/7月新上架房源，歷史資料(2025)中查無此 host_id 之 host_since 紀錄 (真實新房東/冷啟動)
1532475175645234825,170273202,Studio for Two Double Room｜West  | Near Ximen,萬華區,Entire home/apt,"$1,550.00",79,2026年6/7月新上架房源，歷史資料(2025)中查無此 host_id 之 host_since 紀錄 (真實新房東/冷啟動)
1532587447772678223,513269635,西門町/RMT5分鐘/台北車站/上百間美食/台灣潮流聖地,萬華區,Entire home/apt,"$1,977.64",69,2026年6/7月新上架房源，歷史資料(2025)中查無此 host_id 之 host_since 紀錄 (真實新房東/冷啟動)
1532938033698518838,170273202,[有窗]Double Room｜Perfect for Weekend  | Near Ximen,萬華區,Entire home/apt,"$1,300.00",76,2026年6/7月新上架房源，歷史資料(2025)中查無此 host_id 之 host_since 紀錄 (真實新房東/冷啟動)
1532959185058187634,170273202,[有窗] Double | Cozy Vibes | Near MRT Ximen,萬華區,Entire home/apt,"$1,300.00",71,2026年6/7月新上架房源，歷史資料(2025)中查無此 host_id 之 host_since 紀錄 (真實新房東/冷啟動)
1532964429661406551,170273202,[有窗]Cozy Double Stay｜Near Ximen  | Sweet Home,萬華區,Entire home/apt,"$1,300.00",79,2026年6/7月新上架房源，歷史資料(2025)中查無此 host_id 之 host_since 紀錄 (真實新房東/冷啟動)
1532968016928262373,170273202,Double ｜Ideal for Solo Travelers  | MRT Ximen,萬華區,Entire home/apt,"$1,300.00",79,2026年6/7月新上架房源，歷史資料(2025)中查無此 host_id 之 host_since 紀錄 (真實新房東/冷啟動)
1533184472986855302,170273202,[有窗]Leisure Double Suite｜06R3 | Near MRT Ximen,萬華區,Entire home/apt,"$1,300.00",81,2026年6/7月新上架房源，歷史資料(2025)中查無此 host_id 之 host_since 紀錄 (真實新房東/冷啟動)
1533557507750586521,724392679,The Hidden Loft 隱樓@西門町mrt(1-6人）,萬華區,Entire home/apt,"$6,190.00",50,2026年6/7月新上架房源，歷史資料(2025)中查無此 host_id 之 host_since 紀錄 (真實新房東/冷啟動)
1534606209341972862,23429744,Di-House | Spacious | Cozy | Central | Long Stay,大同區,Entire home/apt,"$4,007.00",58,2026年6/7月新上架房源，歷史資料(2025)中查無此 host_id 之 host_since 紀錄 (真實新房東/冷啟動)
1534775650831018950,724638744,｜CS-67 >ᴗ<｜Ximen Mrt 3mins (1~2人房),萬華區,Entire home/apt,"$2,069.33",72,2026年6/7月新上架房源，歷史資料(2025)中查無此 host_id 之 host_since 紀錄 (真實新房東/冷啟動)
1534940988570961074,724392679,Lumi House 光寓｜西門 Designer House(1-8人),中正區,Entire home/apt,"$5,715.00",64,2026年6/7月新上架房源，歷史資料(2025)中查無此 host_id 之 host_since 紀錄 (真實新房東/冷啟動)
1536014961624885731,597100626,[有窗]Bright 3-Person Stay｜Near Ximen MRT,萬華區,Entire home/apt,"$2,050.00",59,2026年6/7月新上架房源，歷史資料(2025)中查無此 host_id 之 host_since 紀錄 (真實新房東/冷啟動)
1536097949928639856,724638744,｜CS-11 >ᴗ<｜Ximen Mrt 3mins (1~2人房),萬華區,Entire home/apt,"$2,069.33",79,2026年6/7月新上架房源，歷史資料(2025)中查無此 host_id 之 host_since 紀錄 (真實新房東/冷啟動)
1536123363488777519,156390296,Amber Queen Chambers,信義區,Entire home/apt,"$7,091.00",64,2026年6/7月新上架房源，歷史資料(2025)中查無此 host_id 之 host_since 紀錄 (真實新房東/冷啟動)
1540983604286544016,665947786,Highly recommended Brezzy Room,中山區,Private room,"$1,537.43",61,2026年6/7月新上架房源，歷史資料(2025)中查無此 host_id 之 host_since 紀錄 (真實新房東/冷啟動)
1541040358901255178,665947786,Whole apartment with two bedrooms,中山區,Entire home/apt,,0,2026年6/7月新上架房源，歷史資料(2025)中查無此 host_id 之 host_since 紀錄 (真實新房東/冷啟動)
1541746317732702523,724638744,｜CD-15 •ᴗ•｜Ximen Mrt 4mins (1~2人房),萬華區,Entire home/apt,"$2,023.00",81,2026年6/7月新上架房源，歷史資料(2025)中查無此 host_id 之 host_since 紀錄 (真實新房東/冷啟動)
1541810460467203200,724638744,｜KF-43 •̀ᴗ•́｜Ximen Mrt 9mins (2~4人房),萬華區,Entire home/apt,"$2,373.67",86,2026年6/7月新上架房源，歷史資料(2025)中查無此 host_id 之 host_since 紀錄 (真實新房東/冷啟動)
1542069778195409589,724638744,｜KF-42 •̀ᴗ•́｜Ximen Mrt 9mins (3~6人房),萬華區,Entire home/apt,"$3,239.00",63,2026年6/7月新上架房源，歷史資料(2025)中查無此 host_id 之 host_since 紀錄 (真實新房東/冷啟動)
1543498896464033415,17231776,旅居-床位（only for women)-4床,大安區,Shared room,$421.00,86,2026年6/7月新上架房源，歷史資料(2025)中查無此 host_id 之 host_since 紀錄 (真實新房東/冷啟動)
1544284752605866424,719435145,H801/西門四房/捷運西門町站走路6分鐘/夜市/台北車站/電梯/紅樓/POPMART/住2-8人,萬華區,Entire home/apt,"$5,009.09",85,2026年6/7月新上架房源，歷史資料(2025)中查無此 host_id 之 host_since 紀錄 (真實新房東/冷啟動)
1544594989553607299,24674764,Freshly Renovated cozy condo – 5 Min to MRT!,南港區,Entire home/apt,"$4,878.00",75,2026年6/7月新上架房源，歷史資料(2025)中查無此 host_id 之 host_since 紀錄 (真實新房東/冷啟動)
1546681863936522138,727373427,CozyDome Suite 舒心蛋居 270,松山區,Entire home/apt,"$3,851.00",75,2026年6/7月新上架房源，歷史資料(2025)中查無此 host_id 之 host_since 紀錄 (真實新房東/冷啟動)
1550473100394620922,728262488,優惠中～2張雙人床～3分鐘機場捷運北門站～5分鐘西門町～有電梯2~4人房～,萬華區,Entire home/apt,"$1,848.75",70,2026年6/7月新上架房源，歷史資料(2025)中查無此 host_id 之 host_since 紀錄 (真實新房東/冷啟動)
1552005740206503760,163675560,Multi-Purpose space for your events,松山區,Entire home/apt,"$69,403.00",89,2026年6/7月新上架房源，歷史資料(2025)中查無此 host_id 之 host_since 紀錄 (真實新房東/冷啟動)
1552030095884696436,727245284,GARA DOMUS｜Youth Park｜2BR for 4｜Kitchen｜Workspace,萬華區,Entire home/apt,"$2,690.00",30,2026年6/7月新上架房源，歷史資料(2025)中查無此 host_id 之 host_since 紀錄 (真實新房東/冷啟動)
1552164757298766964,727373427,CozyDome Suite 舒心蛋居 272,松山區,Entire home/apt,"$2,711.00",89,2026年6/7月新上架房源，歷史資料(2025)中查無此 host_id 之 host_since 紀錄 (真實新房東/冷啟動)
1552166881832558396,727373427,CozyDome Suite 舒心蛋居 273,松山區,Entire home/apt,"$2,798.00",89,2026年6/7月新上架房源，歷史資料(2025)中查無此 host_id 之 host_since 紀錄 (真實新房東/冷啟動)
1552725183970373987,386309022,貓空百年和室老屋/近邀月/纜車站/指南宮/政大,文山區,Entire home/apt,$385.69,57,2026年6/7月新上架房源，歷史資料(2025)中查無此 host_id 之 host_since 紀錄 (真實新房東/冷啟動)
1553068023920164834,16138186,"Lumi Home Xinyi — Bright, 1B1B APT Near Taipei 101",信義區,Entire home/apt,"$2,921.50",8,2026年6/7月新上架房源，歷史資料(2025)中查無此 host_id 之 host_since 紀錄 (真實新房東/冷啟動)
1553341181617904179,38928215,Art house 藝術療癒小屋（房間可看到101、後山埤捷運站、信義區的後花園- 城市中的綠洲）,南港區,Private room,"$1,766.50",71,2026年6/7月新上架房源，歷史資料(2025)中查無此 host_id 之 host_since 紀錄 (真實新房東/冷啟動)
1554041283558388295,729127116,「台北車站市中心｜捷運散步即可到｜明亮典雅房」,中正區,Private room,,0,2026年6/7月新上架房源，歷史資料(2025)中查無此 host_id 之 host_since 紀錄 (真實新房東/冷啟動)
1554127502991401179,729127116,「中山故事館｜溫暖舒居套房」（可改爲雙人床）,中山區,Private room,,0,2026年6/7月新上架房源，歷史資料(2025)中查無此 host_id 之 host_since 紀錄 (真實新房東/冷啟動)
1555077315806202790,38225876,J820/西門町/工業風/MRT西門站走路8分/電梯大樓/1-2人｜Netflix ｜洗衣設備,萬華區,Entire home/apt,"$1,590.00",47,2026年6/7月新上架房源，歷史資料(2025)中查無此 host_id 之 host_since 紀錄 (真實新房東/冷啟動)
1555167908382687589,38225876,J813/工業風/西門町/步行西門8分/長住專屬優惠/Netflix/洗衣設備,萬華區,Entire home/apt,"$1,480.00",47,2026年6/7月新上架房源，歷史資料(2025)中查無此 host_id 之 host_since 紀錄 (真實新房東/冷啟動)
1555189978513838955,38225876,J823｜西門町｜步行 8 分鐘到西門 MRT｜Netflix｜1–2 人｜洗衣設備,萬華區,Entire home/apt,"$1,605.00",17,2026年6/7月新上架房源，歷史資料(2025)中查無此 host_id 之 host_since 紀錄 (真實新房東/冷啟動)
1555205153655633038,38225876,J717/西門町/夜市/台北車站/捷運西門走路8分/長住專屬優惠/Netflix,萬華區,Entire home/apt,"$1,120.00",41,2026年6/7月新上架房源，歷史資料(2025)中查無此 host_id 之 host_since 紀錄 (真實新房東/冷啟動)
1556296058141395697,729127116,「北車生活圈 | 全齡宅 | 採光舒適套房」,中正區,Private room,"$1,401.53",0,2026年6/7月新上架房源，歷史資料(2025)中查無此 host_id 之 host_since 紀錄 (真實新房東/冷啟動)
1556338178083191015,729127116,「中山故事館 | 明亮溫馨套房」,中山區,Private room,"$1,576.90",0,2026年6/7月新上架房源，歷史資料(2025)中查無此 host_id 之 host_since 紀錄 (真實新房東/冷啟動)
1558054238278822359,730046108,超美設計師設計 全新裝潢、全新傢俱 步行至-大巨蛋5分/國父紀念館捷運站5分/近小巨蛋/101-月租,松山區,Entire home/apt,"$4,987.33",89,2026年6/7月新上架房源，歷史資料(2025)中查無此 host_id 之 host_since 紀錄 (真實新房東/冷啟動)
1558495288968671567,729127116,「中山故事館 | 精緻舒適套房」,中山區,Private room,"$1,576.90",0,2026年6/7月新上架房源，歷史資料(2025)中查無此 host_id 之 host_since 紀錄 (真實新房東/冷啟動)
1559210047069342411,729127116,「台北車站市中心 | 溫馨優質套房」,中正區,Private room,"$1,410.97",0,2026年6/7月新上架房源，歷史資料(2025)中查無此 host_id 之 host_since 紀錄 (真實新房東/冷啟動)
1561386769676446385,597100626,[有窗] Couple room｜Near simen MRT 6L1,萬華區,Entire home/apt,$990.00,85,2026年6/7月新上架房源，歷史資料(2025)中查無此 host_id 之 host_since 紀錄 (真實新房東/冷啟動)
1562262276790664318,730966828,The Meeting Place Shida Co-living Near NTU & NTNU,大安區,Shared room,$406.73,30,2026年6/7月新上架房源，歷史資料(2025)中查無此 host_id 之 host_since 紀錄 (真實新房東/冷啟動)
1562748802667566994,731072467,客廳舒適睡袋｜近101,信義區,Shared room,,0,2026年6/7月新上架房源，歷史資料(2025)中查無此 host_id 之 host_since 紀錄 (真實新房東/冷啟動)
1563431698878151818,597100626,[有窗]200 meters from Ximen MRT station,萬華區,Entire home/apt,"$1,100.00",74,2026年6/7月新上架房源，歷史資料(2025)中查無此 host_id 之 host_since 紀錄 (真實新房東/冷啟動)
1563441810152886375,36593839,6-min Bule line NanGang MRT/HSR（A,南港區,Private room,"$1,406.50",18,2026年6/7月新上架房源，歷史資料(2025)中查無此 host_id 之 host_since 紀錄 (真實新房東/冷啟動)
1563863643220733327,730046108,設計師設計超美採光通風新裝潢、傢俱 步行大巨蛋5分/國父紀念館捷運6分/近小巨蛋/101/東區-月租,松山區,Entire home/apt,"$4,995.00",89,2026年6/7月新上架房源，歷史資料(2025)中查無此 host_id 之 host_since 紀錄 (真實新房東/冷啟動)
1564221996830279383,292091806,大安捷運 5 分鐘  Cozy Share House｜舒適單人房 + 中英日韓室友,大安區,Private room,$790.07,90,2026年6/7月新上架房源，歷史資料(2025)中查無此 host_id 之 host_since 紀錄 (真實新房東/冷啟動)
1564498882615934682,503370656,天空部落,中正區,Entire home/apt,$830.13,89,2026年6/7月新上架房源，歷史資料(2025)中查無此 host_id 之 host_since 紀錄 (真實新房東/冷啟動)
1567303624928657890,732052660,II MRT 2 min•Sunny Studio•Balcony•NTNU/NTU•Lift,大安區,Entire home/apt,"$2,001.33",29,2026年6/7月新上架房源，歷史資料(2025)中查無此 host_id 之 host_since 紀錄 (真實新房東/冷啟動)
1568024295882321960,395727244,Ximen | Apartment,中正區,Entire home/apt,"$3,388.28",66,2026年6/7月新上架房源，歷史資料(2025)中查無此 host_id 之 host_since 紀錄 (真實新房東/冷啟動)
1568148766093732630,72013118,〔台北西門町〕廚房、暖氣、獨立衛浴、按摩浴缸舒適宅,萬華區,Entire home/apt,"$2,305.33",40,2026年6/7月新上架房源，歷史資料(2025)中查無此 host_id 之 host_since 紀錄 (真實新房東/冷啟動)
1568602487347781239,392779957,年貨大街小居,大同區,Private room,,0,2026年6/7月新上架房源，歷史資料(2025)中查無此 host_id 之 host_since 紀錄 (真實新房東/冷啟動)
1568632332032487717,51626380,北歐簡約風格小套房,中山區,Entire home/apt,"$2,140.00",31,2026年6/7月新上架房源，歷史資料(2025)中查無此 host_id 之 host_since 紀錄 (真實新房東/冷啟動)
1568764228935041782,692515338,公館捷運站套房,大安區,Entire home/apt,$902.47,89,2026年6/7月新上架房源，歷史資料(2025)中查無此 host_id 之 host_since 紀錄 (真實新房東/冷啟動)
1568853602524243175,53911771,7 min MRT. Near Taipei 101. Night market,大安區,Private room,"$1,961.08",51,2026年6/7月新上架房源，歷史資料(2025)中查無此 host_id 之 host_since 紀錄 (真實新房東/冷啟動)
1569395629033753395,136177686,Healing Hut,大安區,Private room,"$3,082.00",51,2026年6/7月新上架房源，歷史資料(2025)中查無此 host_id 之 host_since 紀錄 (真實新房東/冷啟動)
1569538870390671306,38225876,J800【西門町】高樓觀景・工業極簡6人房｜步行8分鐘到捷運｜大稻埕煙火房｜1-6人｜Netflix,萬華區,Entire home/apt,"$2,536.67",66,2026年6/7月新上架房源，歷史資料(2025)中查無此 host_id 之 host_since 紀錄 (真實新房東/冷啟動)
1570215472955872392,34787605,天然溫泉陽明山景房/有社區免費車位,北投區,Entire home/apt,"$1,499.36",89,2026年6/7月新上架房源，歷史資料(2025)中查無此 host_id 之 host_since 紀錄 (真實新房東/冷啟動)
1570636672657984524,458742509,拎包入住｜全新百萬裝潢 2房1廳｜南京三民 5 分鐘,松山區,Entire home/apt,,89,2026年6/7月新上架房源，歷史資料(2025)中查無此 host_id 之 host_since 紀錄 (真實新房東/冷啟動)
1570761532524691058,724638744,｜KM-74 •̀ᴗ•́｜Ximen Mrt 6mins (2~4人房),萬華區,Entire home/apt,"$2,297.67",79,2026年6/7月新上架房源，歷史資料(2025)中查無此 host_id 之 host_since 紀錄 (真實新房東/冷啟動)
1571555756909986936,48237240,貓宅/捷運六張犁站/單人臥室/限女生/Liuzhangli MRT/Female Only,大安區,Private room,"$3,434.00",70,2026年6/7月新上架房源，歷史資料(2025)中查無此 host_id 之 host_since 紀錄 (真實新房東/冷啟動)
1572185221884876558,72013118,西門町4人房、獨立衛浴、暖氣、洗衣機、陽台，近地鐵捷運,萬華區,Entire home/apt,"$3,277.33",72,2026年6/7月新上架房源，歷史資料(2025)中查無此 host_id 之 host_since 紀錄 (真實新房東/冷啟動)
1572351011820557750,688232927,全新裝潢高級電梯大樓台北市古亭站近台大師大2房小豪宅NTNU/NTU,中正區,Entire home/apt,"$6,145.75",51,2026年6/7月新上架房源，歷史資料(2025)中查無此 host_id 之 host_since 紀錄 (真實新房東/冷啟動)
1573131781192158454,519518352,"Modern Cozy Apartment, Fully Equipped, 1 Min MRT",中山區,Entire home/apt,"$3,573.67",81,2026年6/7月新上架房源，歷史資料(2025)中查無此 host_id 之 host_since 紀錄 (真實新房東/冷啟動)
1573183301399069418,33098882,西門商圈 距離捷運西門站步行約6分鐘 城市柔光小居所 · Warm & Cozy Stay,萬華區,Entire home/apt,"$1,929.50",72,2026年6/7月新上架房源，歷史資料(2025)中查無此 host_id 之 host_since 紀錄 (真實新房東/冷啟動)
1573627821921442896,732052660,I MRT 2 min. to NTNU&NTU•Sunny• Elevator,大安區,Entire home/apt,"$2,015.00",27,2026年6/7月新上架房源，歷史資料(2025)中查無此 host_id 之 host_since 紀錄 (真實新房東/冷啟動)
1573792800650507829,717863172,9.5西門町商圈/5-10人團體,萬華區,Entire home/apt,"$5,169.53",43,2026年6/7月新上架房源，歷史資料(2025)中查無此 host_id 之 host_since 紀錄 (真實新房東/冷啟動)
1574484457974312618,170273202,Ximen Lion Grove Grand Space,萬華區,Entire home/apt,"$2,266.67",42,2026年6/7月新上架房源，歷史資料(2025)中查無此 host_id 之 host_since 紀錄 (真實新房東/冷啟動)
1577475852788697077,66996067,NEW！眺望台北101電梯景觀2房。台北車站正對面，近西門町夜市，到哪都方便，長租優惠中！,大同區,Entire home/apt,"$5,479.67",51,2026年6/7月新上架房源，歷史資料(2025)中查無此 host_id 之 host_since 紀錄 (真實新房東/冷啟動)
1577553400197152865,129158967,夕陽河景豪宅｜免治馬桶｜獨立房間｜貓咪屋主友善｜西門町商圈,萬華區,Private room,"$2,383.00",42,2026年6/7月新上架房源，歷史資料(2025)中查無此 host_id 之 host_since 紀錄 (真實新房東/冷啟動)
1577557910321457323,33092866,永康街步行可達｜整層大安三房公寓｜近東門捷運・適合4人,大安區,Entire home/apt,"$3,968.67",44,2026年6/7月新上架房源，歷史資料(2025)中查無此 host_id 之 host_since 紀錄 (真實新房東/冷啟動)
1577599108872346770,731072467,客廳,信義區,Shared room,,0,2026年6/7月新上架房源，歷史資料(2025)中查無此 host_id 之 host_since 紀錄 (真實新房東/冷啟動)
1577994293780451423,730966828,The Meeting Place Songshan Co-living Near MRT,南港區,Shared room,$388.53,50,2026年6/7月新上架房源，歷史資料(2025)中查無此 host_id 之 host_since 紀錄 (真實新房東/冷啟動)
1578775250809521393,734858172,"Spacious, Newly reno 3BR Apt Near Huashan Park",中山區,Entire home/apt,"$5,868.56",30,2026年6/7月新上架房源，歷史資料(2025)中查無此 host_id 之 host_since 紀錄 (真實新房東/冷啟動)
1578864953781206057,221840302,ㄧ間房間雙人床溫馨公寓,士林區,Entire home/apt,"$1,856.33",70,2026年6/7月新上架房源，歷史資料(2025)中查無此 host_id 之 host_since 紀錄 (真實新房東/冷啟動)
1579105664117664475,49534415,古蹟旁的溫馨址 紅樓旁獨特設計宅，完美平衡歷史美感與現代生活需求，近捷運出口，讓您的台北之旅輕鬆自如,萬華區,Entire home/apt,"$4,916.00",69,2026年6/7月新上架房源，歷史資料(2025)中查無此 host_id 之 host_since 紀錄 (真實新房東/冷啟動)
1579702971484886805,731072467,"近101,客廳內睡袋",信義區,Shared room,,0,2026年6/7月新上架房源，歷史資料(2025)中查無此 host_id 之 host_since 紀錄 (真實新房東/冷啟動)
1579800308237205145,25224600,Happy house上下舖房型,大同區,Shared room,"$1,168.00",89,2026年6/7月新上架房源，歷史資料(2025)中查無此 host_id 之 host_since 紀錄 (真實新房東/冷啟動)
1581964724869539775,72013118,•台北西門町MY HOME(2~4人)《滾筒洗衣烘乾機》Ximen MRT月租優惠•,萬華區,Entire home/apt,"$2,420.33",85,2026年6/7月新上架房源，歷史資料(2025)中查無此 host_id 之 host_since 紀錄 (真實新房東/冷啟動)
1581973527188113827,72013118,台北西門町豪華2～4人房、獨立衛浴、按摩浴缸、滾筒洗烘脫、冷暖空調，近地鐵捷運,萬華區,Entire home/apt,"$2,930.33",64,2026年6/7月新上架房源，歷史資料(2025)中查無此 host_id 之 host_since 紀錄 (真實新房東/冷啟動)
1582334056057685634,292091806,Lovely Share house near Guting MRT,中正區,Private room,$861.00,87,2026年6/7月新上架房源，歷史資料(2025)中查無此 host_id 之 host_since 紀錄 (真實新房東/冷啟動)
1583465973668047700,24517198,Monthly 5F Walk-Up Apt by Market near MRT,萬華區,Entire home/apt,"$2,173.15",41,2026年6/7月新上架房源，歷史資料(2025)中查無此 host_id 之 host_since 紀錄 (真實新房東/冷啟動)
1583722951016413204,731072467,"近101,客廳內舒適睡袋",信義區,Shared room,,0,2026年6/7月新上架房源，歷史資料(2025)中查無此 host_id 之 host_since 紀錄 (真實新房東/冷啟動)
1584001647757598111,25224600,yoko,大同區,Shared room,"$1,303.33",89,2026年6/7月新上架房源，歷史資料(2025)中查無此 host_id 之 host_since 紀錄 (真實新房東/冷啟動)
1584005015196190224,671394928,Dusk『台北101』『MRT』『GYM』『夜市』『24hrs 超市與超商』『象山』,信義區,Entire home/apt,"$3,596.72",60,2026年6/7月新上架房源，歷史資料(2025)中查無此 host_id 之 host_since 紀錄 (真實新房東/冷啟動)
1584073559165665369,11892512,One min to Dongmen Station- the heart of Taipei,大安區,Entire home/apt,"$4,130.00",70,2026年6/7月新上架房源，歷史資料(2025)中查無此 host_id 之 host_since 紀錄 (真實新房東/冷啟動)
1584192322783108681,25224600,Sasa,大同區,Shared room,"$1,248.33",89,2026年6/7月新上架房源，歷史資料(2025)中查無此 host_id 之 host_since 紀錄 (真實新房東/冷啟動)
1584514388856923574,735963351,Cozy House Near Ximen Station 近西門捷運站舒適套房,萬華區,Private room,"$1,290.57",86,2026年6/7月新上架房源，歷史資料(2025)中查無此 host_id 之 host_since 紀錄 (真實新房東/冷啟動)
1586185540335535220,669022562,Central East District Apt with Sunlight & Serenity,大安區,Entire home/apt,"$6,738.00",56,2026年6/7月新上架房源，歷史資料(2025)中查無此 host_id 之 host_since 紀錄 (真實新房東/冷啟動)
1586633691171238245,732237605,日式風格小公寓-古亭町,中正區,Entire home/apt,"$6,261.00",32,2026年6/7月新上架房源，歷史資料(2025)中查無此 host_id 之 host_since 紀錄 (真實新房東/冷啟動)
1586832688866125916,60599145,9F By77,中正區,Private room,"$1,367.25",86,2026年6/7月新上架房源，歷史資料(2025)中查無此 host_id 之 host_since 紀錄 (真實新房東/冷啟動)
1586837487669417343,13948338,"整套公寓，價格包含全部2臥室(4床)，客廳廚房，不用和其它人分享空間，MRT西門站,西門町",萬華區,Entire home/apt,,0,2026年6/7月新上架房源，歷史資料(2025)中查無此 host_id 之 host_since 紀錄 (真實新房東/冷啟動)
1588083981036710645,729634442,小森聚所｜西門MRT靜巷雙層森林聚落｜9人｜1F+B1,萬華區,Entire home/apt,"$5,821.00",26,2026年6/7月新上架房源，歷史資料(2025)中查無此 host_id 之 host_since 紀錄 (真實新房東/冷啟動)
1588269116014188480,170273202,【有窗】Shushan Double room | Near Ximen MRT,萬華區,Entire home/apt,"$1,466.67",68,2026年6/7月新上架房源，歷史資料(2025)中查無此 host_id 之 host_since 紀錄 (真實新房東/冷啟動)
1588391836789810548,692515338,是沒有人看到我那麼便宜嗎！房東正在難過畫地板,大安區,Entire home/apt,$736.58,90,2026年6/7月新上架房源，歷史資料(2025)中查無此 host_id 之 host_since 紀錄 (真實新房東/冷啟動)
1588982366051716437,671394928,Vinyl Dusk『台北101』『MRT』『GYM』『夜市』『24hrs 超市與超商』『象山』,信義區,Entire home/apt,"$3,521.52",90,2026年6/7月新上架房源，歷史資料(2025)中查無此 host_id 之 host_since 紀錄 (真實新房東/冷啟動)
1588989835005061828,671394928,Enlightenment『台北101』『MRT』『GYM』『夜市』『24hrs 超市』『象山』,信義區,Entire home/apt,"$3,924.48",90,2026年6/7月新上架房源，歷史資料(2025)中查無此 host_id 之 host_since 紀錄 (真實新房東/冷啟動)
1589006945098825515,671394928,Solitude『台北101』『MRT』『GYM』『夜市』『24hrs 超市與超商』『象山』,信義區,Entire home/apt,"$4,476.45",90,2026年6/7月新上架房源，歷史資料(2025)中查無此 host_id 之 host_since 紀錄 (真實新房東/冷啟動)
1589213215124660457,38225876,JW512/西門町/步行8分到西門MRT/Netflix/電梯大樓/1-6人,萬華區,Entire home/apt,"$2,770.00",20,2026年6/7月新上架房源，歷史資料(2025)中查無此 host_id 之 host_since 紀錄 (真實新房東/冷啟動)
1589677134107397141,522254179,延平北路套房301,士林區,Entire home/apt,,0,2026年6/7月新上架房源，歷史資料(2025)中查無此 host_id 之 host_since 紀錄 (真實新房東/冷啟動)
1590478723351473390,671394928,Serenity『台北101』『MRT』『GYM』『夜市』『24hrs 超市與超商』『象山』,信義區,Entire home/apt,"$3,487.47",87,2026年6/7月新上架房源，歷史資料(2025)中查無此 host_id 之 host_since 紀錄 (真實新房東/冷啟動)
1590698954313538327,503370656,都到你前面跳那麼久了，這麼便宜，不訂可惜！還看嘛~,信義區,Entire home/apt,$776.88,90,2026年6/7月新上架房源，歷史資料(2025)中查無此 host_id 之 host_since 紀錄 (真實新房東/冷啟動)
1591164698549997283,735003025,小巨蛋獨立屋,松山區,Entire home/apt,"$2,371.64",90,2026年6/7月新上架房源，歷史資料(2025)中查無此 host_id 之 host_since 紀錄 (真實新房東/冷啟動)
1591678875771088387,147602015,全新高端三房｜比五星飯店更好｜市中心捷運直達｜家庭與商務首選｜電梯+專屬車位,大同區,Entire home/apt,"$12,781.50",62,2026年6/7月新上架房源，歷史資料(2025)中查無此 host_id 之 host_since 紀錄 (真實新房東/冷啟動)
1591726138238028478,339773054,市區小坡上的山景套房,文山區,Entire home/apt,$893.50,23,2026年6/7月新上架房源，歷史資料(2025)中查無此 host_id 之 host_since 紀錄 (真實新房東/冷啟動)
1591882330333159130,170273202,Exquisite cottage |  Beimen Station,大同區,Entire home/apt,"$1,466.67",85,2026年6/7月新上架房源，歷史資料(2025)中查無此 host_id 之 host_since 紀錄 (真實新房東/冷啟動)
1592052199547549656,570390724,台北市快速到達信義區chill可愛小屋饒河夜市旁的夢幻小屋,南港區,Entire home/apt,"$1,369.41",0,2026年6/7月新上架房源，歷史資料(2025)中查無此 host_id 之 host_since 紀錄 (真實新房東/冷啟動)
1592374416318662135,37020159,Modern信義溫暖 現代風木屋度假舒適單人房,信義區,Private room,"$2,143.00",78,2026年6/7月新上架房源，歷史資料(2025)中查無此 host_id 之 host_since 紀錄 (真實新房東/冷啟動)
1592513234824904074,29554401,南京美寓/南京三民/電梯/饒河夜市/信義商圈,松山區,Entire home/apt,"$5,241.50",72,2026年6/7月新上架房源，歷史資料(2025)中查無此 host_id 之 host_since 紀錄 (真實新房東/冷啟動)
1592533814946190598,670832242,Everyday Life [MRT Xihu]  balcony. green. natural,內湖區,Entire home/apt,,54,2026年6/7月新上架房源，歷史資料(2025)中查無此 host_id 之 host_since 紀錄 (真實新房東/冷啟動)
1594704534042643164,738854068,Ximen MRT 5min/2間浴室/生活機能佳/探索台北的理想落腳處,萬華區,Entire home/apt,"$6,533.00",64,2026年6/7月新上架房源，歷史資料(2025)中查無此 host_id 之 host_since 紀錄 (真實新房東/冷啟動)
1594806756883658422,16965013,俯瞰市中心的現代Loft居住空間,中山區,Entire home/apt,"$7,742.67",0,2026年6/7月新上架房源，歷史資料(2025)中查無此 host_id 之 host_since 紀錄 (真實新房東/冷啟動)
1595236111347453213,665947786,2BR in share apartment near MRT,中山區,Private room,"$3,468.75",61,2026年6/7月新上架房源，歷史資料(2025)中查無此 host_id 之 host_since 紀錄 (真實新房東/冷啟動)
1595358014214487554,557177012,Taipei 3 rooms MRT 3-min big house,中正區,Private room,"$1,912.43",90,2026年6/7月新上架房源，歷史資料(2025)中查無此 host_id 之 host_since 紀錄 (真實新房東/冷啟動)
1596202488143109341,671394928,Citypop『台北101』『MRT』『GYM』『夜市』『24hrs 超市與超商』『象山』,信義區,Entire home/apt,"$2,389.34",90,2026年6/7月新上架房源，歷史資料(2025)中查無此 host_id 之 host_since 紀錄 (真實新房東/冷啟動)
1598582355554254205,9432222,Taipei main R22,中山區,Private room,"$1,072.16",90,2026年6/7月新上架房源，歷史資料(2025)中查無此 host_id 之 host_since 紀錄 (真實新房東/冷啟動)
1599613093344033888,740500311,Cozy Furnished Apartment with Kitchen,萬華區,Private room,"$6,949.00",90,2026年6/7月新上架房源，歷史資料(2025)中查無此 host_id 之 host_since 紀錄 (真實新房東/冷啟動)
1599673292132897450,38225876,JW613/西門町·家庭友善/多床房/近捷運/Netflix/電梯大樓/1-4人,萬華區,Entire home/apt,"$2,057.50",32,2026年6/7月新上架房源，歷史資料(2025)中查無此 host_id 之 host_since 紀錄 (真實新房東/冷啟動)
1599685634185761096,38225876,JW814｜西門町中心｜4人房｜電梯大樓｜徒步8分到捷運｜Netflix,萬華區,Entire home/apt,"$2,100.00",67,2026年6/7月新上架房源，歷史資料(2025)中查無此 host_id 之 host_since 紀錄 (真實新房東/冷啟動)
1599802106271273244,170273202,Near Ximen Dollhouse 501,萬華區,Entire home/apt,"$1,420.00",84,2026年6/7月新上架房源，歷史資料(2025)中查無此 host_id 之 host_since 紀錄 (真實新房東/冷啟動)
1599824220659959303,341084428,Home Suite Home,松山區,Entire home/apt,"$3,956.80",84,2026年6/7月新上架房源，歷史資料(2025)中查無此 host_id 之 host_since 紀錄 (真實新房東/冷啟動)
1599875306887913655,170273202,Near Ximen Dollhouse 603,萬華區,Entire home/apt,"$1,466.67",64,2026年6/7月新上架房源，歷史資料(2025)中查無此 host_id 之 host_since 紀錄 (真實新房東/冷啟動)
1600249739565698306,724168496,TaipeiMainStation/2Bedroom/8people/5minMRT/GYM,中山區,Entire home/apt,"$2,705.00",51,2026年6/7月新上架房源，歷史資料(2025)中查無此 host_id 之 host_since 紀錄 (真實新房東/冷啟動)
1600482052317320046,38225876,J709｜西門町｜電梯大樓｜Netflix＋洗衣｜捷運8分｜1-4人,萬華區,Entire home/apt,"$1,611.50",55,2026年6/7月新上架房源，歷史資料(2025)中查無此 host_id 之 host_since 紀錄 (真實新房東/冷啟動)
1600796423948152891,38225876,J9078/西門町·家庭友善/多床房/近捷運/Netflix/電梯大樓/1-8人,萬華區,Entire home/apt,"$4,200.00",35,2026年6/7月新上架房源，歷史資料(2025)中查無此 host_id 之 host_since 紀錄 (真實新房東/冷啟動)
1600845116881890680,721590040,單人房青年旅館 獨立空間 、席夢思床墊捷運1分鐘、全新共用衛浴｜僅月租05,松山區,Private room,"$1,200.23",59,2026年6/7月新上架房源，歷史資料(2025)中查無此 host_id 之 host_since 紀錄 (真實新房東/冷啟動)
1600863264484162438,721590040,雙人青旅獨立房 南京復興捷運1分鐘 ｜飯店式管理  僅月租 25000,松山區,Private room,"$1,854.73",90,2026年6/7月新上架房源，歷史資料(2025)中查無此 host_id 之 host_since 紀錄 (真實新房東/冷啟動)
1601985293491447806,67510692,Bright Room in Spacious Shared House (near MRT),文山區,Private room,"$1,142.00",80,2026年6/7月新上架房源，歷史資料(2025)中查無此 host_id 之 host_since 紀錄 (真實新房東/冷啟動)
1602537725644084525,722949674,City Chill 301,萬華區,Entire home/apt,"$1,876.50",88,2026年6/7月新上架房源，歷史資料(2025)中查無此 host_id 之 host_since 紀錄 (真實新房東/冷啟動)
1602657767476120113,279969508,Full Taipei family home/1F & base for adventure!,信義區,Entire home/apt,"$3,185.79",89,2026年6/7月新上架房源，歷史資料(2025)中查無此 host_id 之 host_since 紀錄 (真實新房東/冷啟動)
1603496413577827060,265717048,H1/電梯大樓/台北車站/西門町/機場捷運/Ximen MRT 3 mins/,萬華區,Entire home/apt,"$1,700.00",89,2026年6/7月新上架房源，歷史資料(2025)中查無此 host_id 之 host_since 紀錄 (真實新房東/冷啟動)
1604964181407307994,671394928,Dark Roast『台北101』『MRT』『GYM』『夜市』『24hrs 超市與超商』『象山』,信義區,Entire home/apt,"$2,819.67",80,2026年6/7月新上架房源，歷史資料(2025)中查無此 host_id 之 host_since 紀錄 (真實新房東/冷啟動)
1605574096197013271,721590040,雙人床大空間 l 青年旅館 l南京復興站10秒鐘 l 小巨蛋10分鐘 l 僅月租3,松山區,Private room,"$1,585.53",84,2026年6/7月新上架房源，歷史資料(2025)中查無此 host_id 之 host_since 紀錄 (真實新房東/冷啟動)
1605581060713357969,730966828,The Meeting Place Xiny Co-living Near Yongchun MRT,信義區,Shared room,$388.83,31,2026年6/7月新上架房源，歷史資料(2025)中查無此 host_id 之 host_since 紀錄 (真實新房東/冷啟動)
1605585212202784969,730966828,The Meeting Place Guting｜Taipei Co-living Near MRT,中正區,Shared room,,30,2026年6/7月新上架房源，歷史資料(2025)中查無此 host_id 之 host_since 紀錄 (真實新房東/冷啟動)
1605594184039986665,730966828,The Meeting Place Zhongshan｜Taipei Co-living,中山區,Shared room,$406.12,89,2026年6/7月新上架房源，歷史資料(2025)中查無此 host_id 之 host_since 紀錄 (真實新房東/冷啟動)
1605607617200789655,721590040,"南京復興獨立單人房 l 可雙週短租 l 月租18,000 l 飯店管理 l 房間1",松山區,Private room,$744.57,67,2026年6/7月新上架房源，歷史資料(2025)中查無此 host_id 之 host_since 紀錄 (真實新房東/冷啟動)
1605776986023016720,433431202,雙線MRT 2分鐘/遼寧夜市/台北松山機場/小巨蛋/貓空纜車木柵動物園/Sogo微風百貨商圈,中山區,Entire home/apt,"$4,123.51",71,2026年6/7月新上架房源，歷史資料(2025)中查無此 host_id 之 host_since 紀錄 (真實新房東/冷啟動)
1605777037471833172,433431202,New Taipei 101/世貿/電梯/便利商店/ 3分到MRT/臨江街夜市/預訂4晚享接送機優惠,信義區,Entire home/apt,"$6,054.00",47,2026年6/7月新上架房源，歷史資料(2025)中查無此 host_id 之 host_since 紀錄 (真實新房東/冷啟動)
1606226717350941558,739733791,西門町XiMenDing舒適陽台套房CozyBalconyStudio捷運700米MRT700Msi,萬華區,Entire home/apt,"$2,054.50",77,2026年6/7月新上架房源，歷史資料(2025)中查無此 host_id 之 host_since 紀錄 (真實新房東/冷啟動)
1607004427615154162,721590040,單人房 獨立空間 月租16500平均一日550,松山區,Private room,$707.97,0,2026年6/7月新上架房源，歷史資料(2025)中查無此 host_id 之 host_since 紀錄 (真實新房東/冷啟動)
1607353581986399265,107016968,Muji Style Sunlit Suite 1min MRT / Xinyi 信義區無印風兩房,信義區,Entire home/apt,"$2,955.71",88,2026年6/7月新上架房源，歷史資料(2025)中查無此 host_id 之 host_since 紀錄 (真實新房東/冷啟動)
1607661614476337989,294910823,城市慢居,南港區,Private room,"$4,672.00",89,2026年6/7月新上架房源，歷史資料(2025)中查無此 host_id 之 host_since 紀錄 (真實新房東/冷啟動)
1607689516327340819,294910823,設計師的家,南港區,Private room,"$5,095.72",86,2026年6/7月新上架房源，歷史資料(2025)中查無此 host_id 之 host_since 紀錄 (真實新房東/冷啟動)
1607702916358181547,294910823,靜好日光小窩,南港區,Private room,"$5,599.63",58,2026年6/7月新上架房源，歷史資料(2025)中查無此 host_id 之 host_since 紀錄 (真實新房東/冷啟動)
1608690786462948273,742991262,COZY DAY_步行5分鐘到西門捷運_ Wi-Fi_投影機_5F有電梯,萬華區,Entire home/apt,"$1,359.95",83,2026年6/7月新上架房源，歷史資料(2025)中查無此 host_id 之 host_since 紀錄 (真實新房東/冷啟動)
1608738787026948955,268073703,西門夜市/機場捷運/netflix,萬華區,Entire home/apt,"$1,997.50",87,2026年6/7月新上架房源，歷史資料(2025)中查無此 host_id 之 host_since 紀錄 (真實新房東/冷啟動)
1610695811674307437,721590040,雙人床大空間 l 青年旅館 l南京復興站10秒鐘 l 小巨蛋10分鐘 l 僅月租04房,松山區,Private room,"$1,821.53",90,2026年6/7月新上架房源，歷史資料(2025)中查無此 host_id 之 host_since 紀錄 (真實新房東/冷啟動)
1610723970940150505,721590040,"南京復興獨立單人房 l 可雙週短租 l 月租18,000 l 飯店管理 l 房間3",松山區,Private room,$713.48,60,2026年6/7月新上架房源，歷史資料(2025)中查無此 host_id 之 host_since 紀錄 (真實新房東/冷啟動)
1610727736504768470,721590040,單人房青年旅館 獨立空間 、席夢思床墊捷運1分鐘、全新共用衛浴｜僅月租06,松山區,Private room,"$1,161.50",59,2026年6/7月新上架房源，歷史資料(2025)中查無此 host_id 之 host_since 紀錄 (真實新房東/冷啟動)
1610740536396777863,721590040,單人房青年旅館 獨立空間 、席夢思床墊捷運1分鐘、全新共用衛浴｜僅月租04,松山區,Private room,"$1,165.20",59,2026年6/7月新上架房源，歷史資料(2025)中查無此 host_id 之 host_since 紀錄 (真實新房東/冷啟動)
1610741774441785890,721590040,單人房青年旅館 獨立空間 、席夢思床墊捷運1分鐘、全新共用衛浴｜僅月租07,松山區,Private room,"$1,161.50",58,2026年6/7月新上架房源，歷史資料(2025)中查無此 host_id 之 host_since 紀錄 (真實新房東/冷啟動)
1610771552715021502,721590040,雙人床大空間 l 青年旅館 l南京復興站10秒鐘 l 小巨蛋10分鐘 l 僅月租05,松山區,Private room,"$1,821.53",90,2026年6/7月新上架房源，歷史資料(2025)中查無此 host_id 之 host_since 紀錄 (真實新房東/冷啟動)
1611656800018564133,743743803,日光暖暖，近師範大學#stay for 6 ppl,大安區,Entire home/apt,"$7,962.00",39,2026年6/7月新上架房源，歷史資料(2025)中查無此 host_id 之 host_since 紀錄 (真實新房東/冷啟動)
1611668493873363688,743743803,溫馨簡約大空間#雙層獨享全新裝修#可入住14人,大安區,Entire home/apt,"$7,266.18",72,2026年6/7月新上架房源，歷史資料(2025)中查無此 host_id 之 host_since 紀錄 (真實新房東/冷啟動)
1611877306717309362,724168496,TaipeiMainStation/2Bedroom/6people/3minMRT/FreeGym,中山區,Entire home/apt,"$2,740.00",17,2026年6/7月新上架房源，歷史資料(2025)中查無此 host_id 之 host_since 紀錄 (真實新房東/冷啟動)
1612174316434550805,552528128,Da’an Chic Suite | 5F Near NTU MRT,大安區,Entire home/apt,"$2,477.98",0,2026年6/7月新上架房源，歷史資料(2025)中查無此 host_id 之 host_since 紀錄 (真實新房東/冷啟動)
1612234467897979153,36593839,6-min Bule line NanGang MRT/HSR（B,南港區,Private room,"$1,369.50",75,2026年6/7月新上架房源，歷史資料(2025)中查無此 host_id 之 host_since 紀錄 (真實新房東/冷啟動)
1612407927103872725,308888773,樓中樓溫馨套房/龍山寺站步行5分鐘/100吋投影/Yoybike站2分鐘/近西門町/獨立戶單純安靜,萬華區,Entire home/apt,"$2,113.67",14,2026年6/7月新上架房源，歷史資料(2025)中查無此 host_id 之 host_since 紀錄 (真實新房東/冷啟動)
1613129330649165110,724168496,TaipeiMainStation/2Bedroom/6people/3minMRT/FreeGym,中山區,Entire home/apt,"$2,780.00",49,2026年6/7月新上架房源，歷史資料(2025)中查無此 host_id 之 host_since 紀錄 (真實新房東/冷啟動)
1614414342959023610,721590040,雙人床大空間 l 青年旅館 l南京復興站10秒鐘 l 小巨蛋10分鐘 l 僅月租02房,松山區,Private room,"$1,840.77",90,2026年6/7月新上架房源，歷史資料(2025)中查無此 host_id 之 host_since 紀錄 (真實新房東/冷啟動)
1614415965799669777,721590040,雙人床大空間 l 青年旅館 l南京復興站10秒鐘 l 小巨蛋10分鐘 l 僅月租,松山區,Private room,"$1,903.87",80,2026年6/7月新上架房源，歷史資料(2025)中查無此 host_id 之 host_since 紀錄 (真實新房東/冷啟動)
1614436251548680691,721590040,"南京復興獨立單人房 l 可雙週短租 l 月租18,000 l 飯店管理 l 房間2",松山區,Private room,"$1,214.00",73,2026年6/7月新上架房源，歷史資料(2025)中查無此 host_id 之 host_since 紀錄 (真實新房東/冷啟動)
1614971336832201118,721590040,雙人獨立房 南京復興捷運1分鐘 ｜飯店式管理 ｜席夢思床墊 ｜共用衛浴 ｜僅月租 07房,松山區,Private room,"$1,928.03",89,2026年6/7月新上架房源，歷史資料(2025)中查無此 host_id 之 host_since 紀錄 (真實新房東/冷啟動)
1615044210217412633,744660160,溫馨家庭 陽光好大  超級大三房/客廳/廚房/陽台/洗衣機/近捷運/美食/月租/wifi,中正區,Private room,"$2,325.60",89,2026年6/7月新上架房源，歷史資料(2025)中查無此 host_id 之 host_since 紀錄 (真實新房東/冷啟動)
1617893083926949909,597100626,[有窗] Modern Couple’s Retreat｜Near Ximen Station,萬華區,Entire home/apt,$990.00,64,2026年6/7月新上架房源，歷史資料(2025)中查無此 host_id 之 host_since 紀錄 (真實新房東/冷啟動)
1618171146065881794,745455109,Renovated Ensuite Room｜Near NTU｜Monthly Stay,中正區,Private room,"$1,664.33",72,2026年6/7月新上架房源，歷史資料(2025)中查無此 host_id 之 host_since 紀錄 (真實新房東/冷啟動)
1618177528976797554,308888773,私人空中露台/戶外桌椅/超大料理台/  太陽能傘/西門町商圈/頂樓套房/夜景西門站步行600公尺,萬華區,Entire home/apt,"$1,985.33",41,2026年6/7月新上架房源，歷史資料(2025)中查無此 host_id 之 host_since 紀錄 (真實新房東/冷啟動)
1620132156821653285,745455109,Renovated Ensuite Room｜Near NTU｜Monthly Stay,中正區,Entire home/apt,"$2,221.67",89,2026年6/7月新上架房源，歷史資料(2025)中查無此 host_id 之 host_since 紀錄 (真實新房東/冷啟動)
1620142299794674085,745455109,Renovated Ensuite Room｜Near NTU｜Monthly Stay,中正區,Private room,"$1,746.00",41,2026年6/7月新上架房源，歷史資料(2025)中查無此 host_id 之 host_since 紀錄 (真實新房東/冷啟動)
1621125047803330346,308888773,高級新裝潢/雙連站1分鐘/100吋投影幕NETFLIX/沙發床/全屋智能配備/滾筒洗衣乾衣/寧夏夜市,中山區,Entire home/apt,,0,2026年6/7月新上架房源，歷史資料(2025)中查無此 host_id 之 host_since 紀錄 (真實新房東/冷啟動)
1623554915054020768,38225876,JW812｜西門町｜家庭友善多床房｜近捷運｜Netflix・微波爐・洗衣機｜電梯大樓｜1–4人,萬華區,Entire home/apt,"$2,100.00",70,2026年6/7月新上架房源，歷史資料(2025)中查無此 host_id 之 host_since 紀錄 (真實新房東/冷啟動)
1625818625947216190,557177012,Taipei MRT blue green line private kitchen studio,萬華區,Entire home/apt,$268.62,89,2026年6/7月新上架房源，歷史資料(2025)中查無此 host_id 之 host_since 紀錄 (真實新房東/冷啟動)
1626476098600343886,745455109,Renovated Ensuite Room｜Near NTU｜Monthly Stay,中正區,Private room,"$1,409.84",89,2026年6/7月新上架房源，歷史資料(2025)中查無此 host_id 之 host_since 紀錄 (真實新房東/冷啟動)
1626659819498346064,671394928,Pixar 『台北101』『MRT』『GYM』『夜市』『24hrs 超市與超商』『象山』,信義區,Entire home/apt,"$3,311.28",90,2026年6/7月新上架房源，歷史資料(2025)中查無此 host_id 之 host_since 紀錄 (真實新房東/冷啟動)
1626834239257560857,38225876,JW834｜西門町8分鐘｜完整廚房・舒適小宅｜長租優惠 | Netflix,萬華區,Entire home/apt,"$1,870.00",14,2026年6/7月新上架房源，歷史資料(2025)中查無此 host_id 之 host_since 紀錄 (真實新房東/冷啟動)
1627183926324776010,150140291,Daan MRT 2min｜精品Loft｜洗脫烘｜近101東區,大安區,Entire home/apt,"$5,240.00",87,2026年6/7月新上架房源，歷史資料(2025)中查無此 host_id 之 host_since 紀錄 (真實新房東/冷啟動)
1627408029866440365,38225876,JW829｜西門｜1-2人｜廚房｜洗衣機｜免治馬桶｜Netflix｜長住優惠,萬華區,Entire home/apt,"$1,940.00",22,2026年6/7月新上架房源，歷史資料(2025)中查無此 host_id 之 host_since 紀錄 (真實新房東/冷啟動)
1627532048157192007,38225876,JW818｜西門町｜西門商圈｜1-4人｜廚房｜免治馬桶｜Netflix｜電梯大樓｜對面就是洗衣房,萬華區,Entire home/apt,"$2,392.50",76,2026年6/7月新上架房源，歷史資料(2025)中查無此 host_id 之 host_since 紀錄 (真實新房東/冷啟動)
1628249813519293613,72013118,西門町•龍山寺MRT 2～5人房、設計師優質公寓、米其林美食、傳統市場、家樂福,萬華區,Entire home/apt,"$3,243.00",73,2026年6/7月新上架房源，歷史資料(2025)中查無此 host_id 之 host_since 紀錄 (真實新房東/冷啟動)
1628258784870307326,38225876,JW805【西門町】主題風格雙床房｜1–4人｜乾淨明亮・步行捷運,萬華區,Entire home/apt,"$3,013.50",24,2026年6/7月新上架房源，歷史資料(2025)中查無此 host_id 之 host_since 紀錄 (真實新房東/冷啟動)
1628304800171553713,38225876,JW502｜西門町｜寬敞3床家庭房｜6人入住｜Netflix｜電梯大樓｜洗衣機,萬華區,Entire home/apt,"$2,876.50",38,2026年6/7月新上架房源，歷史資料(2025)中查無此 host_id 之 host_since 紀錄 (真實新房東/冷啟動)
1628772940346890036,748175706,Ximen西門/MRT 5min/溫馨台北之家/2-6p,萬華區,Entire home/apt,"$2,603.00",50,2026年6/7月新上架房源，歷史資料(2025)中查無此 host_id 之 host_since 紀錄 (真實新房東/冷啟動)
1629348187019992168,38225876,JW618｜西門町｜西門商圈｜1-4人｜洗衣機・小廚房｜免治馬桶｜Netflix,萬華區,Entire home/apt,"$2,190.00",47,2026年6/7月新上架房源，歷史資料(2025)中查無此 host_id 之 host_since 紀錄 (真實新房東/冷啟動)
1629403041581950031,718389297,台電大樓捷運出口｜溫馨4人房｜公館商圈步行3分 家人好友共享半包棟,中正區,Private room,"$3,668.92",89,2026年6/7月新上架房源，歷史資料(2025)中查無此 host_id 之 host_since 紀錄 (真實新房東/冷啟動)
1629456974212235118,748175706,西門시먼/Ximen MRT 5min/浪漫奶茶風/2-6p,萬華區,Entire home/apt,"$2,735.00",55,2026年6/7月新上架房源，歷史資料(2025)中查無此 host_id 之 host_since 紀錄 (真實新房東/冷啟動)
1629482725439351891,748175706,西門시먼/Ximen MRT(3min)/3-6p,萬華區,Entire home/apt,"$4,164.50",41,2026年6/7月新上架房源，歷史資料(2025)中查無此 host_id 之 host_since 紀錄 (真實新房東/冷啟動)
1629506996325032516,748175706,西門町시먼/龍山寺용산사/清新北歐風/3-8p,萬華區,Entire home/apt,"$3,621.00",57,2026年6/7月新上架房源，歷史資料(2025)中查無此 host_id 之 host_since 紀錄 (真實新房東/冷啟動)
1629566397639571650,748175706,西門捷運站(1分鐘)/位西門商圈/電梯大樓/6-10p,萬華區,Entire home/apt,"$6,276.48",44,2026年6/7月新上架房源，歷史資料(2025)中查無此 host_id 之 host_since 紀錄 (真實新房東/冷啟動)
1629595475630387379,744660160,獨立工作室 雙人床雅房 民生社區/民生東路圓環/月租/便利店/美食/洗衣機/廚房,松山區,Private room,$969.00,89,2026年6/7月新上架房源，歷史資料(2025)中查無此 host_id 之 host_since 紀錄 (真實新房東/冷啟動)
1629773866966332262,748175706,西門商圈/西門捷運站1分鐘/電梯大樓/6-10p,萬華區,Entire home/apt,"$7,692.50",70,2026年6/7月新上架房源，歷史資料(2025)中查無此 host_id 之 host_since 紀錄 (真實新房東/冷啟動)
1629795063517407772,748175706,Taipei trip /電梯大樓/全新裝潢/6-12p,萬華區,Entire home/apt,"$4,621.77",73,2026年6/7月新上架房源，歷史資料(2025)中查無此 host_id 之 host_since 紀錄 (真實新房東/冷啟動)
1629814560780073946,748175706,西門시먼/電梯大樓/Ximen MRT 3 mins/6-12p,萬華區,Entire home/apt,"$5,658.09",75,2026年6/7月新上架房源，歷史資料(2025)中查無此 host_id 之 host_since 紀錄 (真實新房東/冷啟動)
1629835497733259728,748175706,西門町시먼/ Ximen MRT(3min)/家樂福(4min)/電梯大樓/6-14p,萬華區,Entire home/apt,"$5,420.59",87,2026年6/7月新上架房源，歷史資料(2025)中查無此 host_id 之 host_since 紀錄 (真實新房東/冷啟動)
1629851066608344069,748175706,西門시먼/ Ximen MRT(5min)/電梯大樓/7-16p,萬華區,Entire home/apt,"$6,102.50",60,2026年6/7月新上架房源，歷史資料(2025)中查無此 host_id 之 host_since 紀錄 (真實新房東/冷啟動)
1629903120300561218,667998734,西門捷運站旁社區安靜套房 有陽台通風好/交通便利/吃喝玩樂都在旁邊,萬華區,Entire home/apt,,0,2026年6/7月新上架房源，歷史資料(2025)中查無此 host_id 之 host_since 紀錄 (真實新房東/冷啟動)
1630481125932837793,745455109,Renovated Ensuite Room｜Near NTU｜Monthly Stay,中正區,Private room,"$1,190.00",28,2026年6/7月新上架房源，歷史資料(2025)中查無此 host_id 之 host_since 紀錄 (真實新房東/冷啟動)
1632202280659500113,718389297,晉江街包棟整棟獨享 靠近師大古亭商圈 溫馨北歐風,中正區,Private room,"$8,502.23",89,2026年6/7月新上架房源，歷史資料(2025)中查無此 host_id 之 host_since 紀錄 (真實新房東/冷啟動)
1633226010890868211,749308399,Taipei Ximending MRT 西門町/捷運五分鐘/大窗景雙床房/電梯/1-4人自助入住,萬華區,Entire home/apt,"$1,617.19",57,2026年6/7月新上架房源，歷史資料(2025)中查無此 host_id 之 host_since 紀錄 (真實新房東/冷啟動)
1633286040105628696,308888773,Ximen西門站600公尺／高級新裝潢／全屋智能配備／雙面旋轉電視／洗衣烘衣機／溫馨奶油風格1-4人,萬華區,Entire home/apt,,0,2026年6/7月新上架房源，歷史資料(2025)中查無此 host_id 之 host_since 紀錄 (真實新房東/冷啟動)
1633385506234127701,232653869,Taipei 101 Serene View Stay 台北101靜謐景觀居,信義區,Entire home/apt,"$1,427.00",82,2026年6/7月新上架房源，歷史資料(2025)中查無此 host_id 之 host_since 紀錄 (真實新房東/冷啟動)
1633733480443579340,740500311,Cozy 2BR Apartment with Living Room & Mini Kitchen,萬華區,Private room,"$5,136.00",89,2026年6/7月新上架房源，歷史資料(2025)中查無此 host_id 之 host_since 紀錄 (真實新房東/冷啟動)
1633742559782707640,740500311,"Cozy room, 3 min walk to MRT Ximending Station.",萬華區,Private room,"$1,826.00",90,2026年6/7月新上架房源，歷史資料(2025)中查無此 host_id 之 host_since 紀錄 (真實新房東/冷啟動)
1634449063743656981,26288480,Taipei 101 Getaway Club｜Free Parking・Chill & Fun,大安區,Entire home/apt,"$10,424.00",89,2026年6/7月新上架房源，歷史資料(2025)中查無此 host_id 之 host_since 紀錄 (真實新房東/冷啟動)
1634641715276321025,703253577,101/西門町/最適合4~6人入住/全新裝潢/距離地鐵站700公尺/冷暖氣/WiFi,信義區,Entire home/apt,"$3,743.33",57,2026年6/7月新上架房源，歷史資料(2025)中查無此 host_id 之 host_since 紀錄 (真實新房東/冷啟動)
1635395445347546211,745455109,Renovated Ensuite Room｜Near NTU｜Monthly Stay,中正區,Entire home/apt,"$1,727.67",79,2026年6/7月新上架房源，歷史資料(2025)中查無此 host_id 之 host_since 紀錄 (真實新房東/冷啟動)
1635442558803081820,745455109,Renovated Ensuite Room｜Near NTU｜Monthly Stay,中正區,Private room,"$1,161.49",44,2026年6/7月新上架房源，歷史資料(2025)中查無此 host_id 之 host_since 紀錄 (真實新房東/冷啟動)
1635450744839079227,745455109,7 Min MRT｜Private Ensuite Room｜Monthly Stay,中正區,Private room,"$1,316.35",60,2026年6/7月新上架房源，歷史資料(2025)中查無此 host_id 之 host_since 紀錄 (真實新房東/冷啟動)
1635459542805809041,745455109,Renovated Ensuite Room｜Near NTU｜Monthly Stay,中正區,Private room,"$1,939.61",90,2026年6/7月新上架房源，歷史資料(2025)中查無此 host_id 之 host_since 紀錄 (真實新房東/冷啟動)
1635473107431866898,745455109,Renovated Ensuite Room｜Near NTU｜Monthly Stay,中正區,Private room,"$1,640.86",89,2026年6/7月新上架房源，歷史資料(2025)中查無此 host_id 之 host_since 紀錄 (真實新房東/冷啟動)
1635490629557446483,745455109,Renovated Ensuite Room｜Near NTU｜Monthly Stay,中正區,Private room,"$2,200.67",78,2026年6/7月新上架房源，歷史資料(2025)中查無此 host_id 之 host_since 紀錄 (真實新房東/冷啟動)
1635514073628577119,745455109,Renovated Ensuite Room｜Near NTU｜Monthly Stay,中正區,Private room,"$1,156.40",62,2026年6/7月新上架房源，歷史資料(2025)中查無此 host_id 之 host_since 紀錄 (真實新房東/冷啟動)
1635518712349832911,745455109,Renovated Ensuite Room｜Near NTU｜Monthly Stay,中正區,Private room,"$2,634.86",89,2026年6/7月新上架房源，歷史資料(2025)中查無此 host_id 之 host_since 紀錄 (真實新房東/冷啟動)
1635528583717466350,745455109,Renovated Ensuite Room｜Near NTU｜Monthly Stay,中正區,Private room,"$1,566.49",80,2026年6/7月新上架房源，歷史資料(2025)中查無此 host_id 之 host_since 紀錄 (真實新房東/冷啟動)
1635552429704484631,745455109,Renovated Ensuite Room｜Near NTU｜Monthly Stay,中正區,Private room,"$2,033.58",90,2026年6/7月新上架房源，歷史資料(2025)中查無此 host_id 之 host_since 紀錄 (真實新房東/冷啟動)
1635584533635909920,1545288,Casa de Clare -stylish stay at the heart of Taipei,大同區,Entire home/apt,"$1,832.04",90,2026年6/7月新上架房源，歷史資料(2025)中查無此 host_id 之 host_since 紀錄 (真實新房東/冷啟動)
1636297444865502622,586772997,精品時尚設計大面落地窗採光佳近捷運舒適雙人房,大安區,Private room,$185.13,28,2026年6/7月新上架房源，歷史資料(2025)中查無此 host_id 之 host_since 紀錄 (真實新房東/冷啟動)
1637393828348185919,45999312,現代木質調靜謐公寓/西門町、龍山寺、華西街夜市、台北101/2-4PP/1樓/步行3分鐘MRT,萬華區,Entire home/apt,"$3,660.17",51,2026年6/7月新上架房源，歷史資料(2025)中查無此 host_id 之 host_since 紀錄 (真實新房東/冷啟動)
1638101488157592014,507252734,+Zephyr｜免爬樓梯｜1樓獨立大空間．捷運台電大樓站2號出口步行5分鐘｜師大商圈｜自來水博物館,大安區,Entire home/apt,"$10,731.80",38,2026年6/7月新上架房源，歷史資料(2025)中查無此 host_id 之 host_since 紀錄 (真實新房東/冷啟動)
1638971392626365459,750791422,Minimalist Dorm Suite near Yongkang Street R203,大安區,Entire home/apt,"$1,321.33",31,2026年6/7月新上架房源，歷史資料(2025)中查無此 host_id 之 host_since 紀錄 (真實新房東/冷啟動)
1639114545307830926,719435145,5-Min Walk to Ximending/Entire Home/8 Rooms,萬華區,Entire home/apt,"$13,531.00",83,2026年6/7月新上架房源，歷史資料(2025)中查無此 host_id 之 host_since 紀錄 (真實新房東/冷啟動)
1639487203735296930,748138491,"台北4~6人，西門站步行5分鐘,高樓層有電梯",萬華區,Entire home/apt,"$3,901.50",85,2026年6/7月新上架房源，歷史資料(2025)中查無此 host_id 之 host_since 紀錄 (真實新房東/冷啟動)
1639556957783164998,748138491,夏天:西門站步行約5分鐘，高樓層，有電梯,萬華區,Entire home/apt,"$1,754.00",73,2026年6/7月新上架房源，歷史資料(2025)中查無此 host_id 之 host_since 紀錄 (真實新房東/冷啟動)
1639714929402627182,748138491,沐詩:西門站步行3分鐘，有電梯,萬華區,Entire home/apt,"$2,273.00",72,2026年6/7月新上架房源，歷史資料(2025)中查無此 host_id 之 host_since 紀錄 (真實新房東/冷啟動)
1639770749704870114,433431202,哈利路亞! 東區智慧便利捷運宅/步行5分鐘捷運站/1- 5人/簡易廚房大窗台可洗晾衣,松山區,Entire home/apt,"$2,474.00",44,2026年6/7月新上架房源，歷史資料(2025)中查無此 host_id 之 host_since 紀錄 (真實新房東/冷啟動)
1639785721196721607,671394928,sound engineer『台北101』『MRT』『GYM』『夜市』『24hrs 超市』『象山』,信義區,Entire home/apt,"$3,492.00",90,2026年6/7月新上架房源，歷史資料(2025)中查無此 host_id 之 host_since 紀錄 (真實新房東/冷啟動)
1640466546360547453,750791422,The Library Suite | Quiet near Dongmen MRT R303,大安區,Entire home/apt,"$1,573.33",19,2026年6/7月新上架房源，歷史資料(2025)中查無此 host_id 之 host_since 紀錄 (真實新房東/冷啟動)
1641075957085346829,750791422,The Canvas Suite | Clean Modern Solo Stay R201,大安區,Entire home/apt,"$1,633.33",22,2026年6/7月新上架房源，歷史資料(2025)中查無此 host_id 之 host_since 紀錄 (真實新房東/冷啟動)
1641271431445826619,750791422,Family Balcony Suite | 6-Min to Dongmen MRT R301,大安區,Entire home/apt,"$2,072.00",48,2026年6/7月新上架房源，歷史資料(2025)中查無此 host_id 之 host_since 紀錄 (真實新房東/冷啟動)
1641934172248508941,432987140,台大周邊溫馨小窩（1個月起租）,大安區,Private room,$685.83,38,2026年6/7月新上架房源，歷史資料(2025)中查無此 host_id 之 host_since 紀錄 (真實新房東/冷啟動)
1642503688743018079,8562393,Stay a Bit • near MRT • Private Room | 其途,中山區,Private room,"$1,319.20",66,2026年6/7月新上架房源，歷史資料(2025)中查無此 host_id 之 host_since 紀錄 (真實新房東/冷啟動)
1642582907977181950,10339335,*新落成*松菸大巨蛋2-4人房*1房1衛*房價優惠中<MRT南京三民站6min>,松山區,Entire home/apt,"$3,204.50",80,2026年6/7月新上架房源，歷史資料(2025)中查無此 host_id 之 host_since 紀錄 (真實新房東/冷啟動)
1642584822645709781,10339335,*新落成*松菸大巨蛋6-10人房*3房2廳2衛*房價優惠中<MRT南京三民站6 min>,松山區,Entire home/apt,"$7,836.00",80,2026年6/7月新上架房源，歷史資料(2025)中查無此 host_id 之 host_since 紀錄 (真實新房東/冷啟動)
1642596746335589442,129158967,夕陽河景豪宅｜靜謐便利｜西門町｜歡迎月租,萬華區,Entire home/apt,"$1,934.23",0,2026年6/7月新上架房源，歷史資料(2025)中查無此 host_id 之 host_since 紀錄 (真實新房東/冷啟動)
1642703074644445452,10339335,松菸大巨蛋4-6人房*2房1廳*新落成*房價優惠中<MRT南京三民站6min>,松山區,Entire home/apt,"$3,721.00",81,2026年6/7月新上架房源，歷史資料(2025)中查無此 host_id 之 host_since 紀錄 (真實新房東/冷啟動)
1643080160428297928,718389297,台電大樓捷運出口｜溫馨3人房｜公館商圈步行3分｜好友家人獨享半包棟,中正區,Private room,"$3,378.00",89,2026年6/7月新上架房源，歷史資料(2025)中查無此 host_id 之 host_since 紀錄 (真實新房東/冷啟動)
1643287682720634539,750791422,Sunlight Family Studio | Private Sky Deck R401,大安區,Entire home/apt,"$1,982.00",45,2026年6/7月新上架房源，歷史資料(2025)中查無此 host_id 之 host_since 紀錄 (真實新房東/冷啟動)
1643291585984159157,671394928,Arctic fox『台北101』『MRT』『GYM』『夜市』『24hrs 超市與超商』『象山』,信義區,Entire home/apt,"$2,488.90",90,2026年6/7月新上架房源，歷史資料(2025)中查無此 host_id 之 host_since 紀錄 (真實新房東/冷啟動)
1643297957271715723,750791422,Active Group Room | 4 Single Bunks + MRT R402,大安區,Entire home/apt,"$1,820.00",45,2026年6/7月新上架房源，歷史資料(2025)中查無此 host_id 之 host_since 紀錄 (真實新房東/冷啟動)
1643357078285701143,750791422,Private Group Loft | 4 Single Bunks + MRT R502,大安區,Entire home/apt,,0,2026年6/7月新上架房源，歷史資料(2025)中查無此 host_id 之 host_since 紀錄 (真實新房東/冷啟動)
1643380262842108682,750791422,Minimalist Double | Quiet Workspace + MRT R302,大安區,Entire home/apt,"$1,807.33",26,2026年6/7月新上架房源，歷史資料(2025)中查無此 host_id 之 host_since 紀錄 (真實新房東/冷啟動)
1643871411104506547,433431202,Love story of Taiwan 1-4人可炊煮洗晾衣，近超市近捷運/舒適智慧高速網路,松山區,Entire home/apt,"$2,498.67",90,2026年6/7月新上架房源，歷史資料(2025)中查無此 host_id 之 host_since 紀錄 (真實新房東/冷啟動)
1644267220530755412,572748787,月租優惠/私密獨棟大空間/4層樓透天/台北車站/機場捷運/5衛浴/5臥室,大同區,Entire home/apt,"$3,982.24",61,2026年6/7月新上架房源，歷史資料(2025)中查無此 host_id 之 host_since 紀錄 (真實新房東/冷啟動)
1648545889483757998,753207770,Longshan Temple Station MRT 3 mins龍山寺捷運站步行3分鐘 優質裝潢,萬華區,Private room,"$2,511.00",89,2026年6/7月新上架房源，歷史資料(2025)中查無此 host_id 之 host_since 紀錄 (真實新房東/冷啟動)
1649119089546755636,292091806,東門捷運 5min：市中心極簡共生宅 ‧ 漫步永康街美食商圈,中正區,Shared room,$567.50,87,2026年6/7月新上架房源，歷史資料(2025)中查無此 host_id 之 host_since 紀錄 (真實新房東/冷啟動)
1650039843317279135,126025993,暖光 ．城市裡的溫柔空間．大安捷運3分鐘,大安區,Entire home/apt,"$3,133.00",69,2026年6/7月新上架房源，歷史資料(2025)中查無此 host_id 之 host_since 紀錄 (真實新房東/冷啟動)
1650588760057779466,753732650,Cozy Stay with Ubike at Your Door & Self Check-in,萬華區,Private room,"$1,200.00",44,2026年6/7月新上架房源，歷史資料(2025)中查無此 host_id 之 host_since 紀錄 (真實新房東/冷啟動)
1651013535053132478,455013100,行天宮站1分鐘｜陽台獨立套房・乾濕分離・可月租-ROOM 103,中山區,Private room,,72,2026年6/7月新上架房源，歷史資料(2025)中查無此 host_id 之 host_since 紀錄 (真實新房東/冷啟動)
1651374338376963681,671394928,Cloud apt『台北101』『MRT』『GYM』『夜市』『24hrs 超市與超商』『象山』,信義區,Entire home/apt,"$3,679.20",90,2026年6/7月新上架房源，歷史資料(2025)中查無此 host_id 之 host_since 紀錄 (真實新房東/冷啟動)
1651474967414032506,729634442,小樹林D/ MRT西門3分鐘 /獨立套房/2人,萬華區,Entire home/apt,"$2,363.00",43,2026年6/7月新上架房源，歷史資料(2025)中查無此 host_id 之 host_since 紀錄 (真實新房東/冷啟動)
1652069623757890443,57395543,Cozy studio by Guting MRT bright city view,中正區,Entire home/apt,,0,2026年6/7月新上架房源，歷史資料(2025)中查無此 host_id 之 host_since 紀錄 (真實新房東/冷啟動)
1653408784177351987,719634539,[僅供月租]4房2衛/8人房/MRT中山站,大同區,Entire home/apt,"$7,444.33",81,2026年6/7月新上架房源，歷史資料(2025)中查無此 host_id 之 host_since 紀錄 (真實新房東/冷啟動)
1653442737411549940,719634539,H0/波西米亞風/4房2.5衛/便利商店1min/MRT松江南京站10mins,中山區,Entire home/apt,"$6,790.00",74,2026年6/7月新上架房源，歷史資料(2025)中查無此 host_id 之 host_since 紀錄 (真實新房東/冷啟動)
1653465060662596720,719634539,A1/莫蘭迪6人公寓/2房1衛/MRT忠孝復興雙線捷運/sogo微風百貨,大安區,Entire home/apt,"$4,922.00",86,2026年6/7月新上架房源，歷史資料(2025)中查無此 host_id 之 host_since 紀錄 (真實新房東/冷啟動)
1653484790818133485,719634539,A23/ 6人房 / MRT忠孝復興雙線捷運 / 東區市中心/ Sogo微風百貨,大安區,Entire home/apt,"$4,627.00",72,2026年6/7月新上架房源，歷史資料(2025)中查無此 host_id 之 host_since 紀錄 (真實新房東/冷啟動)
1653516645659556429,719634539,AA/12人房 /兩間獨立房型/ MRT忠孝復興3min /東區市中心/ SoGo微風百貨/雙線捷運,中山區,Entire home/apt,"$8,633.00",72,2026年6/7月新上架房源，歷史資料(2025)中查無此 host_id 之 host_since 紀錄 (真實新房東/冷啟動)
1653595096148542180,24423404,"Cozy loft style Apt near MRT Zhongshan Park,Eslite",中山區,Entire home/apt,"$1,681.39",89,2026年6/7月新上架房源，歷史資料(2025)中查無此 host_id 之 host_since 紀錄 (真實新房東/冷啟動)
1654229366722293395,661767183,Stylish Home @ Zhongxiao Dunhua | Your Taipei Home,大安區,Entire home/apt,"$4,686.57",59,2026年6/7月新上架房源，歷史資料(2025)中查無此 host_id 之 host_since 紀錄 (真實新房東/冷啟動)
1655720511239131507,525211117,近小巨蛋/大巨蛋松山區電梯公寓，近101，位于2樓也有電梯，交通方便,松山區,Entire home/apt,$906.20,7,2026年6/7月新上架房源，歷史資料(2025)中查無此 host_id 之 host_since 紀錄 (真實新房東/冷啟動)
1657156111895982829,68309497,Room:102【 灰調光影 ‧ 靜謐棲所 】 捷運行天宮 出站及到家,中山區,Private room,"$1,370.12",32,2026年6/7月新上架房源，歷史資料(2025)中查無此 host_id 之 host_since 紀錄 (真實新房東/冷啟動)
1657921537813525950,755599768,❮⓷免費接機＋行李寄存❯微甜奶油Loft｜步行可達在地夜市美食#대만감성#西門町#寧夏夜市#永康街,萬華區,Entire home/apt,"$4,856.00",58,2026年6/7月新上架房源，歷史資料(2025)中查無此 host_id 之 host_since 紀錄 (真實新房東/冷啟動)
1658002260197182760,525211117,大稻埕霞海雅房，近迪化街，4樓老公寓，交通便利,大同區,Private room,,89,2026年6/7月新上架房源，歷史資料(2025)中查無此 host_id 之 host_since 紀錄 (真實新房東/冷啟動)
1658615843310139580,755599768,❮⓹免費接機＋行李寄存❯奶油風Loft｜溫暖質感生活宅#대만감성#西門町#寧夏夜市#永康街,萬華區,Entire home/apt,"$3,869.35",50,2026年6/7月新上架房源，歷史資料(2025)中查無此 host_id 之 host_since 紀錄 (真實新房東/冷啟動)
1658637897369533648,755599768,❮⓸免費接機＋行李寄存❯包豪斯x多巴胺Loft設計宅｜步行可達美食夜市#대만감성#西門町#寧夏夜市,萬華區,Entire home/apt,"$3,949.06",52,2026年6/7月新上架房源，歷史資料(2025)中查無此 host_id 之 host_since 紀錄 (真實新房東/冷啟動)
1658661050412970526,24423404,Brand New Stylish big apt nearMRT Dongmen/Yongkang,中正區,Entire home/apt,"$3,487.71",89,2026年6/7月新上架房源，歷史資料(2025)中查無此 host_id 之 host_since 紀錄 (真實新房東/冷啟動)
1658673374948680034,755599768,❮⓺免費接機＋行李寄存❯Muji Loft｜Kids’ Secret Base#대만감성#西門町,萬華區,Entire home/apt,"$3,845.97",59,2026年6/7月新上架房源，歷史資料(2025)中查無此 host_id 之 host_since 紀錄 (真實新房東/冷啟動)
1659437632931629761,177780056,近西門町台北車站/機場捷運線/安靜又方便/,中正區,Private room,"$1,974.33",83,2026年6/7月新上架房源，歷史資料(2025)中查無此 host_id 之 host_since 紀錄 (真實新房東/冷啟動)
1660512336369250856,17231776,床位（only for women)- 5床,大安區,Shared room,$473.00,89,2026年6/7月新上架房源，歷史資料(2025)中查無此 host_id 之 host_since 紀錄 (真實新房東/冷啟動)
1660520788765431026,17231776,旅遊床位（only for women)-6床,大安區,Shared room,$411.00,87,2026年6/7月新上架房源，歷史資料(2025)中查無此 host_id 之 host_since 紀錄 (真實新房東/冷啟動)
1660723211183510131,1660722852339241821,"21 Taipei station 1 min walk | 20m² | 50"" TV PCM",大同區,Private room,"$1,466.52",11,2026年6/7月新上架房源，歷史資料(2025)中查無此 host_id 之 host_since 紀錄 (真實新房東/冷啟動)
1661780376443834523,119389761,象山溫馨小屋,信義區,Private room,"$1,661.00",87,2026年6/7月新上架房源，歷史資料(2025)中查無此 host_id 之 host_since 紀錄 (真實新房東/冷啟動)
1662363601953713849,40608255,Cozy Corner • Ximen Stay,萬華區,Private room,"$1,573.00",72,2026年6/7月新上架房源，歷史資料(2025)中查無此 host_id 之 host_since 紀錄 (真實新房東/冷啟動)
1662858769469155960,68309497,Room:101【守護剛好的溫度】 捷運行天宮出站及到家,中山區,Private room,,38,2026年6/7月新上架房源，歷史資料(2025)中查無此 host_id 之 host_since 紀錄 (真實新房東/冷啟動)
1662887715811477141,669051181,恬靜暖光 #市府捷運3分鐘 #8ppl,信義區,Entire home/apt,"$5,956.81",72,2026年6/7月新上架房源，歷史資料(2025)中查無此 host_id 之 host_since 紀錄 (真實新房東/冷啟動)
1662903351882275942,669051181,柔光灰居 #永春捷運3分鐘 #6人溫馨宅,信義區,Entire home/apt,"$4,850.00",89,2026年6/7月新上架房源，歷史資料(2025)中查無此 host_id 之 host_since 紀錄 (真實新房東/冷啟動)
1662917871691987814,669051181,晴日暖居#信義商圈旁 #永春捷運3分鐘 #7ppl,信義區,Entire home/apt,"$5,758.83",70,2026年6/7月新上架房源，歷史資料(2025)中查無此 host_id 之 host_since 紀錄 (真實新房東/冷啟動)
1663403396460934058,418983055,NEW Cozy Apt/ Gongguan MRT/Near NTU/ Sleep 8,中正區,Entire home/apt,"$7,102.69",39,2026年6/7月新上架房源，歷史資料(2025)中查無此 host_id 之 host_since 紀錄 (真實新房東/冷啟動)
1663414376209810537,418983055,NEW Stylish Duplex near Guting MRT/10 ppl,中正區,Entire home/apt,"$5,851.05",62,2026年6/7月新上架房源，歷史資料(2025)中查無此 host_id 之 host_since 紀錄 (真實新房東/冷啟動)
1663444401226808160,756779703,Sunlit Loft • High Ceiling • Minimal & Cozy,大安區,Entire home/apt,"$5,435.76",90,2026年6/7月新上架房源，歷史資料(2025)中查無此 host_id 之 host_since 紀錄 (真實新房東/冷啟動)
1664279331405501393,29486486,明德捷運5分鐘 電梯兩房整層 舒適生活空間,北投區,Entire home/apt,"$2,840.66",59,2026年6/7月新上架房源，歷史資料(2025)中查無此 host_id 之 host_since 紀錄 (真實新房東/冷啟動)
1664890604024657646,719634539,S2/都市現代10-12人房/三房二廳二衛/捷運南京復興5分鐘/小巨蛋/東區/微風sogo百貨,中山區,Entire home/apt,"$6,163.00",82,2026年6/7月新上架房源，歷史資料(2025)中查無此 host_id 之 host_since 紀錄 (真實新房東/冷啟動)
1665963233160025608,719435145,XC01/捷運西門町站走路10分鐘/台北車站/夜市/101/洗衣機/兩房一廳/2-12人,萬華區,Entire home/apt,"$4,505.94",86,2026年6/7月新上架房源，歷史資料(2025)中查無此 host_id 之 host_since 紀錄 (真實新房東/冷啟動)
1665996506359712975,719435145,XC02/捷運西門町站走路10分鐘/台北車站/夜市/101/洗衣機/兩房一廳/2-8人,萬華區,Entire home/apt,"$3,296.41",89,2026年6/7月新上架房源，歷史資料(2025)中查無此 host_id 之 host_since 紀錄 (真實新房東/冷啟動)
1667819272164740870,750791422,Urban Student Hub | Long-Stay Bunk + MRT R403,大安區,Entire home/apt,"$1,442.00",45,2026年6/7月新上架房源，歷史資料(2025)中查無此 host_id 之 host_since 紀錄 (真實新房東/冷啟動)
1667890173162510547,1667812373107668662,Ximen Collect2｜１至４人｜升降梯｜高樓層,萬華區,Entire home/apt,"$1,825.37",70,2026年6/7月新上架房源，歷史資料(2025)中查無此 host_id 之 host_since 紀錄 (真實新房東/冷啟動)
1667917405820823272,1666714523519050093,月租-忠孝新生站步行3分鐘/ 三創/ 華山特區/ 電梯雙床大套房/ 小廚區/ 自用洗脫烘/ 大面採光,中正區,Entire home/apt,"$2,113.15",59,2026年6/7月新上架房源，歷史資料(2025)中查無此 host_id 之 host_since 紀錄 (真實新房東/冷啟動)
1667933231450654862,1667812373107668662,Gongguan Collect2｜1~4人｜升降梯｜高樓層｜台大公館商圈,中正區,Entire home/apt,"$5,055.42",69,2026年6/7月新上架房源，歷史資料(2025)中查無此 host_id 之 host_since 紀錄 (真實新房東/冷啟動)
1667945091232942885,1667812373107668662,Ximen Collect3｜１至６人｜升降梯｜高樓層,萬華區,Entire home/apt,"$3,446.99",75,2026年6/7月新上架房源，歷史資料(2025)中查無此 host_id 之 host_since 紀錄 (真實新房東/冷啟動)
1667947993151580919,1667812373107668662,Ximen Collect4｜１至４人｜升降梯｜高樓層,萬華區,Entire home/apt,"$2,058.94",80,2026年6/7月新上架房源，歷史資料(2025)中查無此 host_id 之 host_since 紀錄 (真實新房東/冷啟動)
1667954821545334681,1667812373107668662,Shida Collect2｜1~6人｜師大公館商圈,中正區,Entire home/apt,"$3,615.22",81,2026年6/7月新上架房源，歷史資料(2025)中查無此 host_id 之 host_since 紀錄 (真實新房東/冷啟動)
1667965900431682430,1667812373107668662,Shida Collect1｜1~8人｜師大公館商圈,中正區,Entire home/apt,"$2,837.50",67,2026年6/7月新上架房源，歷史資料(2025)中查無此 host_id 之 host_since 紀錄 (真實新房東/冷啟動)
1667970633589638844,1667812373107668662,Ximen Collect8｜１至５人｜升降梯｜高樓層,萬華區,Entire home/apt,"$4,899.00",76,2026年6/7月新上架房源，歷史資料(2025)中查無此 host_id 之 host_since 紀錄 (真實新房東/冷啟動)
1667992890848746569,1667812373107668662,Ximen Collect6｜１至５人｜升降梯｜高樓層,萬華區,Entire home/apt,"$3,972.35",71,2026年6/7月新上架房源，歷史資料(2025)中查無此 host_id 之 host_since 紀錄 (真實新房東/冷啟動)
1667996616306038827,1667812373107668662,Ximen Collect7｜１至５人｜升降梯｜高樓層,萬華區,Entire home/apt,"$2,579.46",76,2026年6/7月新上架房源，歷史資料(2025)中查無此 host_id 之 host_since 紀錄 (真實新房東/冷啟動)
1668001899323294195,1667812373107668662,Ximen Collect5｜１至３人｜升降梯｜高樓層,萬華區,Entire home/apt,"$2,145.42",80,2026年6/7月新上架房源，歷史資料(2025)中查無此 host_id 之 host_since 紀錄 (真實新房東/冷啟動)
1668059728790306686,729634442,小樹林C/MRT西門町/獨立套房/2人,萬華區,Private room,"$1,802.33",54,2026年6/7月新上架房源，歷史資料(2025)中查無此 host_id 之 host_since 紀錄 (真實新房東/冷啟動)
1668197770027784150,729634442,窗邊小居C、D / MRT西門3分鐘 /2房2衛0廳/ 8人,萬華區,Private room,"$5,506.00",35,2026年6/7月新上架房源，歷史資料(2025)中查無此 host_id 之 host_since 紀錄 (真實新房東/冷啟動)
1669255493605008113,729634442,都市小宅R/ MRT西門3分鐘 /獨立套房/3人,萬華區,Private room,"$3,019.00",40,2026年6/7月新上架房源，歷史資料(2025)中查無此 host_id 之 host_since 紀錄 (真實新房東/冷啟動)
1670059019546181350,1666714523519050093,月租獨立雙人套房/ 近忠孝新生站/ 華山文創園區/ 台北科技大學/ 室外陽台/ 獨立洗烘衣機,中正區,Entire home/apt,,62,2026年6/7月新上架房源，歷史資料(2025)中查無此 host_id 之 host_since 紀錄 (真實新房東/冷啟動)
1670241674645067562,729634442,都市小宅Y/ MRT西門3分鐘 /獨立套房/2人,萬華區,Private room,"$2,526.00",61,2026年6/7月新上架房源，歷史資料(2025)中查無此 host_id 之 host_since 紀錄 (真實新房東/冷啟動)
1670723377996395049,1666714523519050093,月租忠孝新生站/ 華山藝文特區/ 三創/ 3人雙床套房/ 獨立洗脫烘/ 小廚區/ 電梯大樓,中正區,Entire home/apt,"$1,891.45",62,2026年6/7月新上架房源，歷史資料(2025)中查無此 host_id 之 host_since 紀錄 (真實新房東/冷啟動)
1670749034087132952,1666714523519050093,月租忠孝新生雙人套房/ 大面採光/ 華山藝文園區/ 三創/ 獨立使用洗烘衣機,中正區,Entire home/apt,"$1,973.86",81,2026年6/7月新上架房源，歷史資料(2025)中查無此 host_id 之 host_since 紀錄 (真實新房東/冷啟動)
1671078134809754157,568039622,Remix 小巨蛋站5min｜4房2衛｜直達西門&松山機場/中山/忠孝復興/饒河夜市&松山文創園,松山區,Entire home/apt,"$7,474.46",90,2026年6/7月新上架房源，歷史資料(2025)中查無此 host_id 之 host_since 紀錄 (真實新房東/冷啟動)
1671542659611478270,1666714523519050093,月租信義區世貿中心/北醫/台北101站/雙人電梯套房/廚區/陽台/自用洗衣機/高速WIFI/聯網電視,信義區,Entire home/apt,"$1,783.75",65,2026年6/7月新上架房源，歷史資料(2025)中查無此 host_id 之 host_since 紀錄 (真實新房東/冷啟動)
1671543339140333478,586772997,大安靜巷精品公寓｜韓風設計大房｜近捷運生活機能強,大安區,Private room,$185.39,28,2026年6/7月新上架房源，歷史資料(2025)中查無此 host_id 之 host_since 紀錄 (真實新房東/冷啟動)
1671560739346597453,1666714523519050093,月租信義區世貿中心/北醫/台北101站/雙人電梯套房/廚區/陽台/自用洗衣機/高速WIFI/聯網電視,信義區,Entire home/apt,"$1,992.17",50,2026年6/7月新上架房源，歷史資料(2025)中查無此 host_id 之 host_since 紀錄 (真實新房東/冷啟動)
1671565732729091611,1666714523519050093,月租信義區世貿中心/北醫/台北101站/雙人套房/廚區/陽台/自用洗衣機,信義區,Entire home/apt,"$1,786.39",59,2026年6/7月新上架房源，歷史資料(2025)中查無此 host_id 之 host_since 紀錄 (真實新房東/冷啟動)
1671574836993239596,586772997,大安靜巷精品公寓｜時尚風格設計大房｜近捷運生活機能強,大安區,Private room,$970.67,62,2026年6/7月新上架房源，歷史資料(2025)中查無此 host_id 之 host_since 紀錄 (真實新房東/冷啟動)
1671842507117914618,724168496,TaipeiMainStation/2Bedroom/8people/5minMRT/GYM,中山區,Entire home/apt,"$3,882.00",68,2026年6/7月新上架房源，歷史資料(2025)中查無此 host_id 之 host_since 紀錄 (真實新房東/冷啟動)
1672962943579662593,671394928,Alive apt『台北101』『MRT』『GYM』『夜市』『24hrs 超市與超商』『象山』,信義區,Entire home/apt,"$4,164.14",90,2026年6/7月新上架房源，歷史資料(2025)中查無此 host_id 之 host_since 紀錄 (真實新房東/冷啟動)
1673491463512285867,308888773,全新裝潢高質感溫馨日式風／Ximen西門站6分鐘／安靜隔音佳／獨立陽台洗衣晒衣／陽光廚房／可2-3人,萬華區,Entire home/apt,"$8,335.76",0,2026年6/7月新上架房源，歷史資料(2025)中查無此 host_id 之 host_since 紀錄 (真實新房東/冷啟動)
1673768385078872462,1666714523519050093,月租信義區世貿中心/北醫/台北101站/雙人電梯套房/廚區/陽台/自用洗衣機/高速WIFI/聯網電視,信義區,Entire home/apt,"$1,742.60",59,2026年6/7月新上架房源，歷史資料(2025)中查無此 host_id 之 host_since 紀錄 (真實新房東/冷啟動)
1674383668849060024,1667812373107668662,Ximen Collect9｜１至６人｜升降梯｜高樓層,萬華區,Entire home/apt,"$2,658.94",53,2026年6/7月新上架房源，歷史資料(2025)中查無此 host_id 之 host_since 紀錄 (真實新房東/冷啟動)
1675452017674286041,745455109,Renovated Ensuite Room｜Near NTU｜Monthly Stay,中正區,Entire home/apt,"$1,106.68",31,2026年6/7月新上架房源，歷史資料(2025)中查無此 host_id 之 host_since 紀錄 (真實新房東/冷啟動)
1675978163097708928,724168496,TaipeiMainStation/5minMRT/FreeGym/3Bed/6people,中山區,Entire home/apt,"$2,721.00",90,2026年6/7月新上架房源，歷史資料(2025)中查無此 host_id 之 host_since 紀錄 (真實新房東/冷啟動)
1675984975432435004,724168496,LongshanTpl/2Bedroom/7people/5minMRT/Free Parking,萬華區,Entire home/apt,"$3,056.00",85,2026年6/7月新上架房源，歷史資料(2025)中查無此 host_id 之 host_since 紀錄 (真實新房東/冷啟動)
1677619288759079749,339757265,(月租/年租) 城市旅居/慢靈魂 捷運五分鐘/獨立房間/分享客廳、浴室,信義區,Private room,"$1,621.00",71,2026年6/7月新上架房源，歷史資料(2025)中查無此 host_id 之 host_since 紀錄 (真實新房東/冷啟動)
1678724795087527017,312451375,小窩/電梯/2床/4人/西門町/全新/Designer House/走路2MIN/MRT/家樂福,萬華區,Entire home/apt,"$1,752.62",66,2026年6/7月新上架房源，歷史資料(2025)中查無此 host_id 之 host_since 紀錄 (真實新房東/冷啟動)
1679077639844278235,1666714523519050093,月租5mins 步行MRT 忠孝復興/台北市中心/電梯套房/自用洗衣機/高速wifi/聯網電視,大安區,Entire home/apt,"$1,479.21",67,2026年6/7月新上架房源，歷史資料(2025)中查無此 host_id 之 host_since 紀錄 (真實新房東/冷啟動)
1679501847027856866,1666714523519050093,月租台北市市中心忠孝復興雙捷運/二張雙人床/四人套房/陽台/獨立使用洗衣機+烘衣機,大安區,Entire home/apt,"$1,705.98",63,2026年6/7月新上架房源，歷史資料(2025)中查無此 host_id 之 host_since 紀錄 (真實新房東/冷啟動)
1681668435834162099,652128299,Ximen/MRT 1 min/5-10 people/Brand new decoration,萬華區,Entire home/apt,"$6,182.00",23,2026年6/7月新上架房源，歷史資料(2025)中查無此 host_id 之 host_since 紀錄 (真實新房東/冷啟動)
1683189304876826107,56285095,Taipei Arena Spacious 4B Stay｜3 min to Mrt,松山區,Entire home/apt,"$12,096.50",72,2026年6/7月新上架房源，歷史資料(2025)中查無此 host_id 之 host_since 紀錄 (真實新房東/冷啟動)
1683367732843011709,719435145,hl82/永春捷運站走路5分鐘/西門町8站/台北101/台北車站7站/兩房一廳/2雙人床1沙發床,信義區,Entire home/apt,"$3,526.45",83,2026年6/7月新上架房源，歷史資料(2025)中查無此 host_id 之 host_since 紀錄 (真實新房東/冷啟動)
1683392740456573951,719435145,西門五房/捷運西門町站走路6分鐘/夜市/台北車站/電梯/紅樓/洗衣機/POPMART/住2-22人,萬華區,Entire home/apt,"$6,938.51",83,2026年6/7月新上架房源，歷史資料(2025)中查無此 host_id 之 host_since 紀錄 (真實新房東/冷啟動)
1683876715258240813,1666714523519050093,月租近忠孝復興站/雙床四人套房獨立衛浴/洗衣機/聯網電視/高速wifi,大安區,Entire home/apt,"$1,593.45",89,2026年6/7月新上架房源，歷史資料(2025)中查無此 host_id 之 host_since 紀錄 (真實新房東/冷啟動)
1683890000600932169,1666714523519050093,月租近忠孝復興站雙人套房/有陽台/獨立衛浴/洗烘衣機/聯網電視/高速wifi,大安區,Entire home/apt,,84,2026年6/7月新上架房源，歷史資料(2025)中查無此 host_id 之 host_since 紀錄 (真實新房東/冷啟動)
1683897443888179646,1666714523519050093,月租近忠孝復興站/一房一廳/3人大套房/獨立陽台/洗烘衣機/聯網電視/高速WIFI,大安區,Entire home/apt,,47,2026年6/7月新上架房源，歷史資料(2025)中查無此 host_id 之 host_since 紀錄 (真實新房東/冷啟動)
1685171147516552465,1685169915592290950,New近中山商圈眾多美食小店！超大空間整層出租,中山區,Entire home/apt,"$6,147.60",30,2026年6/7月新上架房源，歷史資料(2025)中查無此 host_id 之 host_since 紀錄 (真實新房東/冷啟動)
1685525753446516120,38225876,J8156｜西門町2房2衛・6人入住｜步行8分到捷運｜Netflix・長住友善,萬華區,Entire home/apt,"$3,030.00",46,2026年6/7月新上架房源，歷史資料(2025)中查無此 host_id 之 host_since 紀錄 (真實新房東/冷啟動)
1686118442297628676,1680868094897562737,T2白色空間8人房/二房二衛/電梯/捷運5分鐘/南西商圈/寧夏夜市5min,大同區,Entire home/apt,"$6,308.00",81,2026年6/7月新上架房源，歷史資料(2025)中查無此 host_id 之 host_since 紀錄 (真實新房東/冷啟動)
1686137085932033842,1680868094897562737,T3沉靜空間8人房/二房二衛/電梯/台北車站/寧夏夜市/捷運中山站5min,大同區,Entire home/apt,"$6,308.00",76,2026年6/7月新上架房源，歷史資料(2025)中查無此 host_id 之 host_since 紀錄 (真實新房東/冷啟動)
1686147206094593558,1680868094897562737,T4溫馨小巧5人房/二房二衛/寧夏夜市/捷運中山站5分鐘/新光三越/京站,大同區,Entire home/apt,"$4,508.00",76,2026年6/7月新上架房源，歷史資料(2025)中查無此 host_id 之 host_since 紀錄 (真實新房東/冷啟動)
1686159232263831711,1680868094897562737,T5時尚優雅8-10人房/電梯/二房三衛/誠品/中山站/台北車站10分鐘,大同區,Entire home/apt,"$9,312.00",67,2026年6/7月新上架房源，歷史資料(2025)中查無此 host_id 之 host_since 紀錄 (真實新房東/冷啟動)
1686248789234637717,719435145,HH西門町走路十分鐘Entire Spacious/BigGroup 7 Rooms/ 6-29人,萬華區,Entire home/apt,"$6,831.17",79,2026年6/7月新上架房源，歷史資料(2025)中查無此 host_id 之 host_since 紀錄 (真實新房東/冷啟動)
1686723986174406054,671394928,Dark Roast II『台北101』『MRT』『GYM』『夜市』『24hrs 超市超商』『象山』,信義區,Entire home/apt,"$2,737.03",90,2026年6/7月新上架房源，歷史資料(2025)中查無此 host_id 之 host_since 紀錄 (真實新房東/冷啟動)
1686798625951528149,12538962,適合商務、返台短期在台駐所！獨立門牌飯店式管理的高級大樓位於華泰飯店後方地鄰人捷非常方便,中山區,Private room,"$2,853.04",89,2026年6/7月新上架房源，歷史資料(2025)中查無此 host_id 之 host_since 紀錄 (真實新房東/冷啟動)
1686854590031514430,12538962,Yi Dream中山,中山區,Private room,"$2,691.03",90,2026年6/7月新上架房源，歷史資料(2025)中查無此 host_id 之 host_since 紀錄 (真實新房東/冷啟動)
1687390955138766596,1687390811025284314,天樞 Dubhe/MRT西門町商圈/靜謐溫暖/2房1衛/4F/4～6人,萬華區,Entire home/apt,"$3,629.00",41,2026年6/7月新上架房源，歷史資料(2025)中查無此 host_id 之 host_since 紀錄 (真實新房東/冷啟動)
1687395886053809868,16908874,Relaxing Stay near Longshan Temple LS5,萬華區,Private room,,0,2026年6/7月新上架房源，歷史資料(2025)中查無此 host_id 之 host_since 紀錄 (真實新房東/冷啟動)
1687416938609150569,16908874,Serene City Stay near Longshan Temple LS6,萬華區,Private room,$597.34,0,2026年6/7月新上架房源，歷史資料(2025)中查無此 host_id 之 host_since 紀錄 (真實新房東/冷啟動)
1687454240961473497,16908874,Relaxing Room Facing Yongjing Park MQ2,中山區,Private room,$518.28,62,2026年6/7月新上架房源，歷史資料(2025)中查無此 host_id 之 host_since 紀錄 (真實新房東/冷啟動)
1687491105684226715,16908874,Cozy Stay near DaQiaoTou DQT1,大同區,Private room,$488.18,56,2026年6/7月新上架房源，歷史資料(2025)中查無此 host_id 之 host_since 紀錄 (真實新房東/冷啟動)
1687508940920005745,16908874,Comfortable Room in DaQiaoTou DQT2,大同區,Private room,,23,2026年6/7月新上架房源，歷史資料(2025)中查無此 host_id 之 host_since 紀錄 (真實新房東/冷啟動)
1687528137590745244,16908874,Convenient Stay in DaQiaoTou DQT4,大同區,Private room,"$1,381.90",0,2026年6/7月新上架房源，歷史資料(2025)中查無此 host_id 之 host_since 紀錄 (真實新房東/冷啟動)
1687537404845167619,16908874,Luxurious Stay near Taipei Medical University 101A,信義區,Private room,$632.26,62,2026年6/7月新上架房源，歷史資料(2025)中查無此 host_id 之 host_since 紀錄 (真實新房東/冷啟動)
1687795752690579793,10593483,A Filmmaker's Creative Co-Living Home · Taipei 101,信義區,Private room,,0,2026年6/7月新上架房源，歷史資料(2025)中查無此 host_id 之 host_since 紀錄 (真實新房東/冷啟動)
1688091211980615851,734858172,Newly Renovated 1BR Suite near Daan Forest Park,大安區,Entire home/apt,"$5,735.05",90,2026年6/7月新上架房源，歷史資料(2025)中查無此 host_id 之 host_since 紀錄 (真實新房東/冷啟動)
1688275137716342481,16908874,Cozy Stay near Taipei Medical University 101B,信義區,Private room,"$1,396.10",0,2026年6/7月新上架房源，歷史資料(2025)中查無此 host_id 之 host_since 紀錄 (真實新房東/冷啟動)
1688306270324767490,16908874,Serene Place near JianTan Station JT1,士林區,Private room,"$1,310.93",0,2026年6/7月新上架房源，歷史資料(2025)中查無此 host_id 之 host_since 紀錄 (真實新房東/冷啟動)
1688323880782326127,16908874,Spacious Room near JianTan Station JT2,士林區,Private room,"$1,205.73",28,2026年6/7月新上架房源，歷史資料(2025)中查無此 host_id 之 host_since 紀錄 (真實新房東/冷啟動)
1688337137049076279,16908874,Comfortable Stay near JianTan Station JT3,士林區,Private room,$733.77,62,2026年6/7月新上架房源，歷史資料(2025)中查無此 host_id 之 host_since 紀錄 (真實新房東/冷啟動)
1688356172165994135,16908874,Relaxing Stay near JianTan Station JT4,士林區,Private room,"$1,271.80",0,2026年6/7月新上架房源，歷史資料(2025)中查無此 host_id 之 host_since 紀錄 (真實新房東/冷啟動)
1688373531082361467,16908874,Spacious Room near Guting Station GT1,中正區,Private room,"$1,277.27",0,2026年6/7月新上架房源，歷史資料(2025)中查無此 host_id 之 host_since 紀錄 (真實新房東/冷啟動)
1688376424376123929,11758908,H.Liyal 月租,大同區,Private room,$427.04,59,2026年6/7月新上架房源，歷史資料(2025)中查無此 host_id 之 host_since 紀錄 (真實新房東/冷啟動)
1688388794862289343,16908874,Comfortable Place near Guting Station GT2,中正區,Private room,"$1,059.24",0,2026年6/7月新上架房源，歷史資料(2025)中查無此 host_id 之 host_since 紀錄 (真實新房東/冷啟動)
1688400424044194890,16908874,Cozy Stay near Guting Station GT3,中正區,Private room,$570.13,62,2026年6/7月新上架房源，歷史資料(2025)中查無此 host_id 之 host_since 紀錄 (真實新房東/冷啟動)
1688414010729701531,16908874,Serene Place near Guting Station GT4,中正區,Private room,"$1,322.80",28,2026年6/7月新上架房源，歷史資料(2025)中查無此 host_id 之 host_since 紀錄 (真實新房東/冷啟動)
1688484106691575905,1666714523519050093,月租六張犁站1分鐘/敦南商圈 /遠企中心/電梯套房/高速wifi/專用洗衣機/聯網電視/大書桌辦公,大安區,Entire home/apt,"$1,895.10",65,2026年6/7月新上架房源，歷史資料(2025)中查無此 host_id 之 host_since 紀錄 (真實新房東/冷啟動)
1688573047844278815,510254033,【台北市中心靜奢包棟】步行1分達捷運站｜獨享1～3層樓｜5房3+2衛14人金獎設計私邸｜300平米｜,中山區,Entire home/apt,"$15,977.00",82,2026年6/7月新上架房源，歷史資料(2025)中查無此 host_id 之 host_since 紀錄 (真實新房東/冷啟動)
1688981368228394156,1666714523519050093,月租六張犁站1分鐘/敦南商圈 /遠企中心/電梯套房/高速wifi/專用洗衣機/聯網電視/大書桌辦公,大安區,Entire home/apt,,13,2026年6/7月新上架房源，歷史資料(2025)中查無此 host_id 之 host_since 紀錄 (真實新房東/冷啟動)
1689104478317873511,1666714523519050093,月租1分六張犁站/敦南商圈/遠企中心/電梯/高速wifi/聯網電視/更衣室/小廚區/洗烘衣機/小陽台,大安區,Entire home/apt,"$1,788.94",43,2026年6/7月新上架房源，歷史資料(2025)中查無此 host_id 之 host_since 紀錄 (真實新房東/冷啟動)
1689506021623232272,130353784,士東市場/國小旁，近美國/日本學校/高島屋/榮總/振興醫院，公寓4樓/走樓梯，大3房2衛浴,士林區,Entire home/apt,"$2,786.40",56,2026年6/7月新上架房源，歷史資料(2025)中查無此 host_id 之 host_since 紀錄 (真實新房東/冷啟動)
1689540060711097752,1685341062930330570,西門町、台北車站旅人套房Ximen,大同區,Entire home/apt,"$1,266.71",57,2026年6/7月新上架房源，歷史資料(2025)中查無此 host_id 之 host_since 紀錄 (真實新房東/冷啟動)
1689967311727125992,724168496,TaipeiMainStation/Ximenting/ Dihua/ 5minMRT/7 PPL,大同區,Entire home/apt,"$3,010.00",66,2026年6/7月新上架房源，歷史資料(2025)中查無此 host_id 之 host_since 紀錄 (真實新房東/冷啟動)
1690627773666798625,719435145,hl811永春捷運站走路5分鐘/西門町8站/台北101/台北車站7站/一房一廳/2雙人床1沙發床,信義區,Entire home/apt,"$2,705.50",76,2026年6/7月新上架房源，歷史資料(2025)中查無此 host_id 之 host_since 紀錄 (真實新房東/冷啟動)
1690635384231512130,1666714523519050093,月租近信義安和/六張犁站/遠企中心/敦南商圈/獨立雙人套房/更衣室/高速wifi/大書桌遠端工作首選,大安區,Entire home/apt,"$1,612.36",86,2026年6/7月新上架房源，歷史資料(2025)中查無此 host_id 之 host_since 紀錄 (真實新房東/冷啟動)
1690692732158865798,719435145,hl812永春捷運站走路5分鐘/西門町8站/台北101/台北車站7站/洗衣機/雙人床+雙人沙發床,信義區,Entire home/apt,"$2,454.00",86,2026年6/7月新上架房源，歷史資料(2025)中查無此 host_id 之 host_since 紀錄 (真實新房東/冷啟動)
1690742553398856349,724168496,TaipeiMainStation/2Bedroom/6people/3minMRT/FreeGym,中山區,Entire home/apt,"$3,138.00",75,2026年6/7月新上架房源，歷史資料(2025)中查無此 host_id 之 host_since 紀錄 (真實新房東/冷啟動)
1692017023399263716,344915712,Home B1《4人房+2 人客廳日式床墊》 2房1廳1衛1廚,萬華區,Entire home/apt,"$2,053.00",66,2026年6/7月新上架房源，歷史資料(2025)中查無此 host_id 之 host_since 紀錄 (真實新房東/冷啟動)
1692026076874408405,344915712,Home C1《2人房》1房1衛,萬華區,Entire home/apt,"$1,851.00",58,2026年6/7月新上架房源，歷史資料(2025)中查無此 host_id 之 host_since 紀錄 (真實新房東/冷啟動)
1692035164658859477,344915712,Home A1 《4人房+1 人客廳日式床墊》 1房1衛1廚,萬華區,Entire home/apt,"$2,647.00",71,2026年6/7月新上架房源，歷史資料(2025)中查無此 host_id 之 host_since 紀錄 (真實新房東/冷啟動)
1692209965085584812,344915712,Home D1《6人房+1日式床墊》1房1廳1衛1 廚房,萬華區,Entire home/apt,"$3,496.54",60,2026年6/7月新上架房源，歷史資料(2025)中查無此 host_id 之 host_since 紀錄 (真實新房東/冷啟動)
1692254343603056690,62272678,捷運中山國小6分｜近雙城&晴光夜市｜質感雙房｜可自煮洗衣｜電梯大樓,中山區,Entire home/apt,"$2,859.20",89,2026年6/7月新上架房源，歷史資料(2025)中查無此 host_id 之 host_since 紀錄 (真實新房東/冷啟動)
1693332766717734576,730966828,聚空間共居-台北一樓古亭台電雙捷運，可短月租，免押金水電全包,中正區,Shared room,,89,2026年6/7月新上架房源，歷史資料(2025)中查無此 host_id 之 host_since 紀錄 (真實新房東/冷啟動)
1693468438505364443,1666714523519050093,月租8 mins to MRT 信義安和站/遠企商圈雙人房/電磁爐廚具/專用洗衣機/烘衣機,大安區,Entire home/apt,"$1,538.17",60,2026年6/7月新上架房源，歷史資料(2025)中查無此 host_id 之 host_since 紀錄 (真實新房東/冷啟動)
1693496645977642943,1685341062930330570,西門町Ximen台北車站西寧電梯兩房,萬華區,Entire home/apt,"$5,087.50",81,2026年6/7月新上架房源，歷史資料(2025)中查無此 host_id 之 host_since 紀錄 (真實新房東/冷啟動)
1693894466229220886,1685341062930330570,Princess/ Ximen elevator (4-8 persons),萬華區,Entire home/apt,"$5,425.00",78,2026年6/7月新上架房源，歷史資料(2025)中查無此 host_id 之 host_since 紀錄 (真實新房東/冷啟動)
1693915787061789574,1685341062930330570,武昌雙床房/電梯Ximen,萬華區,Entire home/apt,"$2,031.30",67,2026年6/7月新上架房源，歷史資料(2025)中查無此 host_id 之 host_since 紀錄 (真實新房東/冷啟動)
1693925567338403904,1685341062930330570,武昌三床 / Ximen elevator (3-6persons),萬華區,Entire home/apt,"$2,122.59",76,2026年6/7月新上架房源，歷史資料(2025)中查無此 host_id 之 host_since 紀錄 (真實新房東/冷啟動)
1694246455246077673,1694244336748642998,中山客棧,中山區,Entire home/apt,"$2,096.47",90,2026年6/7月新上架房源，歷史資料(2025)中查無此 host_id 之 host_since 紀錄 (真實新房東/冷啟動)
1694301204334522239,719435145,XN909/捷運西門町站走路8分鐘/洗脫烘衣機/電梯/夜市/西門町/紅樓/popmart/住2-6人,萬華區,Entire home/apt,"$2,851.23",78,2026年6/7月新上架房源，歷史資料(2025)中查無此 host_id 之 host_since 紀錄 (真實新房東/冷啟動)
1694751523175706477,39310364,Luxury Brand New Loft Apt Sogo MRT 1 min （11th fl),大安區,Entire home/apt,"$6,722.74",59,2026年6/7月新上架房源，歷史資料(2025)中查無此 host_id 之 host_since 紀錄 (真實新房東/冷啟動)
1694951989281691640,691747654,NEW! Walk to 101 | 1 Min MRT | 3BR Japandi Style,大安區,Entire home/apt,"$10,732.00",67,2026年6/7月新上架房源，歷史資料(2025)中查無此 host_id 之 host_since 紀錄 (真實新房東/冷啟動)
1694970887996931255,33452572,Studio with elevator|3 min walk to Ximen station,萬華區,Entire home/apt,"$1,561.00",21,2026年6/7月新上架房源，歷史資料(2025)中查無此 host_id 之 host_since 紀錄 (真實新房東/冷啟動)
1696907381356088951,681693551,短期棧旅，7-9月份,松山區,Entire home/apt,"$1,370.00",89,2026年6/7月新上架房源，歷史資料(2025)中查無此 host_id 之 host_since 紀錄 (真實新房東/冷啟動)
1697159496120823356,732052660,III ​2 Min MRT Taipower\ Dual-Room\near NTU & NTNU,大安區,Entire home/apt,"$1,836.14",90,2026年6/7月新上架房源，歷史資料(2025)中查無此 host_id 之 host_since 紀錄 (真實新房東/冷啟動)
1697198210288469234,21444823,近西門町/南機廠夜市的一樓靜宅 | 獨立出入口,中正區,Entire home/apt,"$4,901.00",75,2026年6/7月新上架房源，歷史資料(2025)中查無此 host_id 之 host_since 紀錄 (真實新房東/冷啟動)
1697483398471599334,41773495,Taipei 信義區溫馨小窩,信義區,Private room,"$1,255.00",27,2026年6/7月新上架房源，歷史資料(2025)中查無此 host_id 之 host_since 紀錄 (真實新房東/冷啟動)
1697626174217151912,1685341062930330570,Sun/Ximen elevator (3-6persons),萬華區,Entire home/apt,"$4,526.48",61,2026年6/7月新上架房源，歷史資料(2025)中查無此 host_id 之 host_since 紀錄 (真實新房東/冷啟動)
1697635077607989959,1685341062930330570,New/Peaceful/2persons,萬華區,Entire home/apt,"$2,339.50",74,2026年6/7月新上架房源，歷史資料(2025)中查無此 host_id 之 host_since 紀錄 (真實新房東/冷啟動)
1698247552751685716,93477031,台北市包層｜60坪大平面豪宅｜五房四衛 12人｜電梯大樓｜善導寺站5分鐘,中正區,Entire home/apt,"$14,810.00",59,2026年6/7月新上架房源，歷史資料(2025)中查無此 host_id 之 host_since 紀錄 (真實新房東/冷啟動)
1698357782975145705,93477031,台北市中心包層｜寬敞挑高60坪 五房3.5衛 14人｜電梯大樓｜善導寺站5分鐘,中正區,Entire home/apt,"$10,800.00",57,2026年6/7月新上架房源，歷史資料(2025)中查無此 host_id 之 host_since 紀錄 (真實新房東/冷啟動)
1699190440554817080,724168496,Taipei101/5minMRT/Rooftop pool/Taipei101 View/5ppl,大安區,Entire home/apt,"$2,472.00",52,2026年6/7月新上架房源，歷史資料(2025)中查無此 host_id 之 host_since 紀錄 (真實新房東/冷啟動)
1699275330917175120,21444823,特大空間，捷運內湖站1分鐘 | 一樓獨立出入口 | 停車場在門口,內湖區,Entire home/apt,"$8,718.00",77,2026年6/7月新上架房源，歷史資料(2025)中查無此 host_id 之 host_since 紀錄 (真實新房東/冷啟動)
1699686728282475033,718389297,台電大樓捷運出口｜溫馨2人房｜台電大樓捷運站台大公館商圈步行3分｜半包棟,中正區,Private room,"$3,419.50",90,2026年6/7月新上架房源，歷史資料(2025)中查無此 host_id 之 host_since 紀錄 (真實新房東/冷啟動)
1699752022991830706,671394928,Cate 溫室 I 2 mins to Daan MRT  I Gym I Pool I Park,信義區,Entire home/apt,"$2,439.12",90,2026年6/7月新上架房源，歷史資料(2025)中查無此 host_id 之 host_since 紀錄 (真實新房東/冷啟動)
1699807287569221753,1699792843383151512,* 漫步3分鐘到大安森林公園｜享受台北最美綠意 * 隱身大安區的安靜小宅｜公園、美食、捷運 台北精華,大安區,Entire home/apt,"$7,226.65",88,2026年6/7月新上架房源，歷史資料(2025)中查無此 host_id 之 host_since 紀錄 (真實新房東/冷啟動)
1699889357129103427,719435145,QM8A捷運西門町站走路5分鐘/電梯/夜市/紅樓/POP MART/1雙人床1沙發床/住1-4人,萬華區,Entire home/apt,"$2,451.50",86,2026年6/7月新上架房源，歷史資料(2025)中查無此 host_id 之 host_since 紀錄 (真實新房東/冷啟動)
1699911588662353355,523712293,studioom,松山區,Private room,"$2,772.70",88,2026年6/7月新上架房源，歷史資料(2025)中查無此 host_id 之 host_since 紀錄 (真實新房東/冷啟動)
1700017638468820537,38225876,J506【西門町】3張雙人床6人房｜電梯｜步行8分鐘到捷運｜家庭朋友聚會首選｜Netflix,萬華區,Entire home/apt,"$2,300.00",66,2026年6/7月新上架房源，歷史資料(2025)中查無此 host_id 之 host_since 紀錄 (真實新房東/冷啟動)
1700513336779006132,597100626,【有窗】Cozy Wooden Stay for 2 |   MRT Nearby,萬華區,Entire home/apt,$990.00,78,2026年6/7月新上架房源，歷史資料(2025)中查無此 host_id 之 host_since 紀錄 (真實新房東/冷啟動)
1700596359051193586,597100626,【有窗】Ximen Sunlit Soak Retreat｜Near Ximen MRT 53,萬華區,Entire home/apt,"$1,026.67",76,2026年6/7月新上架房源，歷史資料(2025)中查無此 host_id 之 host_since 紀錄 (真實新房東/冷啟動)
1700777765625854742,13732094,HUGE & Quiet Private Room - MRT Nanjing Sanmin,松山區,Private room,"$1,046.50",89,2026年6/7月新上架房源，歷史資料(2025)中查無此 host_id 之 host_since 紀錄 (真實新房東/冷啟動)
1701419733943319228,1675161618443344114,貓蹤@綠苔角 €Boutique home in central Taipei.,中正區,Entire home/apt,"$4,656.00",64,2026年6/7月新上架房源，歷史資料(2025)中查無此 host_id 之 host_since 紀錄 (真實新房東/冷啟動)
1703005028891614339,21444823,豪享趣｜空間獨享不分租，7間房、3浴、19+1床，士林夜市步行三分鐘，一樓獨立出入口,士林區,Entire home/apt,"$18,296.45",7,2026年6/7月新上架房源，歷史資料(2025)中查無此 host_id 之 host_since 紀錄 (真實新房東/冷啟動)
1703576749847883459,1755823,Bright Room in Ximen (July long stay discount ),萬華區,Private room,"$1,445.53",32,2026年6/7月新上架房源，歷史資料(2025)中查無此 host_id 之 host_since 紀錄 (真實新房東/冷啟動)
1703646658586087805,505337809,15樓景觀兩房,萬華區,Entire home/apt,"$2,857.65",90,2026年6/7月新上架房源，歷史資料(2025)中查無此 host_id 之 host_since 紀錄 (真實新房東/冷啟動)
1703646966629503607,682917723,西門Loft樓中樓｜可住6人｜24HR管理員｜雙床家庭房｜6分鐘走路至捷運站｜最佳選擇,萬華區,Entire home/apt,"$3,072.50",90,2026年6/7月新上架房源，歷史資料(2025)中查無此 host_id 之 host_since 紀錄 (真實新房東/冷啟動)
1704097738603591518,682917723,Sale｜西門町樓中樓Loft｜8分鐘走路至捷運站｜漫步商圈｜可住4人｜24H管理員｜電梯大樓,萬華區,Entire home/apt,"$3,134.00",90,2026年6/7月新上架房源，歷史資料(2025)中查無此 host_id 之 host_since 紀錄 (真實新房東/冷啟動)
1704242992963990062,597100626,Boho Double Room｜Close to Ximen MRT 65,萬華區,Entire home/apt,$990.00,82,2026年6/7月新上架房源，歷史資料(2025)中查無此 host_id 之 host_since 紀錄 (真實新房東/冷啟動)
1704271778349302304,597100626,Double Room + Kitchenette｜West Taipei Core13,萬華區,Entire home/apt,"$1,100.00",68,2026年6/7月新上架房源，歷史資料(2025)中查無此 host_id 之 host_since 紀錄 (真實新房東/冷啟動)
1704313742232139616,682917723,暑假特惠中｜西門町質感樓中樓｜雙人床＋沙發床｜4人入住｜美食店家集中地,萬華區,Entire home/apt,"$3,002.50",90,2026年6/7月新上架房源，歷史資料(2025)中查無此 host_id 之 host_since 紀錄 (真實新房東/冷啟動)
1704703616658496779,235316398,30 Night Modern Taipei Condo 12-Min Walk to MRT,中山區,Entire home/apt,"$63,465.50",82,2026年6/7月新上架房源，歷史資料(2025)中查無此 host_id 之 host_since 紀錄 (真實新房東/冷啟動)
1704777383485209071,682917723,暑假特惠中｜西門雲朵小屋｜步行西門町｜4人入住｜24H管理員｜市中心最佳選擇,萬華區,Entire home/apt,"$3,069.50",90,2026年6/7月新上架房源，歷史資料(2025)中查無此 host_id 之 host_since 紀錄 (真實新房東/冷啟動)
1704807063744776523,682917723,大降價！｜西門町Sunny Loft｜樓中樓套房｜可住4人｜8分鐘至捷運站，邊逛街邊購物,萬華區,Entire home/apt,"$3,040.00",90,2026年6/7月新上架房源，歷史資料(2025)中查無此 host_id 之 host_since 紀錄 (真實新房東/冷啟動)
1704818465853259651,682917723,暑假特惠中｜西門町Cloud House｜4人入住｜24H管理員｜漫步商圈｜美食地圖,萬華區,Entire home/apt,"$3,002.00",90,2026年6/7月新上架房源，歷史資料(2025)中查無此 host_id 之 host_since 紀錄 (真實新房東/冷啟動)
1704933887325166941,597100626,Studio for Two｜Near MRT Ximen18,萬華區,Entire home/apt,$990.00,75,2026年6/7月新上架房源，歷史資料(2025)中查無此 host_id 之 host_since 紀錄 (真實新房東/冷啟動)
1704959366725616111,597100626,City Light Double Room｜Ximen MRT Station 35,萬華區,Entire home/apt,"$1,230.00",77,2026年6/7月新上架房源，歷史資料(2025)中查無此 host_id 之 host_since 紀錄 (真實新房東/冷啟動)
1705671014197543236,722949674,Charming Double Room｜Ximen MRT Nearby 31,萬華區,Entire home/apt,"$1,700.67",89,2026年6/7月新上架房源，歷史資料(2025)中查無此 host_id 之 host_since 紀錄 (真實新房東/冷啟動)
1705695347480072012,722949674,Simple double room｜Walk to Ximen Station 3011,萬華區,Entire home/apt,"$1,700.67",89,2026年6/7月新上架房源，歷史資料(2025)中查無此 host_id 之 host_since 紀錄 (真實新房東/冷啟動)
1705722371755973951,722949674,Pure Space Double Room｜Next to Ximen Station 3012,萬華區,Entire home/apt,"$1,702.67",85,2026年6/7月新上架房源，歷史資料(2025)中查無此 host_id 之 host_since 紀錄 (真實新房東/冷啟動)
1708394201665991363,1708393531178509552,Laslo 1101 全新裝修公寓試營運（限定月租）,中正區,Private room,"$1,065.98",28,2026年6/7月新上架房源，歷史資料(2025)中查無此 host_id 之 host_since 紀錄 (真實新房東/冷啟動)
1708450700110470485,1708393531178509552,Laslo全新装修單人套房 1102(限定月租),中正區,Entire home/apt,"$1,082.22",90,2026年6/7月新上架房源，歷史資料(2025)中查無此 host_id 之 host_since 紀錄 (真實新房東/冷啟動)
1708473208903677362,1708393531178509552,1112 全新裝修雙人套房(限定月租）,中正區,Private room,"$1,320.71",60,2026年6/7月新上架房源，歷史資料(2025)中查無此 host_id 之 host_since 紀錄 (真實新房東/冷啟動)
1709207253680499267,1709207096557820378,Dunhua Ensuite | 1Gbps | Work-Ready Monthly Stay,大安區,Private room,"$2,964.57",88,2026年6/7月新上架房源，歷史資料(2025)中查無此 host_id 之 host_since 紀錄 (真實新房東/冷啟動)
1709229059481165810,597100626,Bright & Airy Studio Double Room｜Ximen MRT 33,萬華區,Entire home/apt,"$1,433.33",77,2026年6/7月新上架房源，歷史資料(2025)中查無此 host_id 之 host_since 紀錄 (真實新房東/冷啟動)
1709252978055837850,673676200,歇腳處,大安區,Entire home/apt,,86,2026年6/7月新上架房源，歷史資料(2025)中查無此 host_id 之 host_since 紀錄 (真實新房東/冷啟動)
1709271683318542576,597100626,Romantic HideawayDouble Room｜Ximen MRT Station31,萬華區,Entire home/apt,$990.00,66,2026年6/7月新上架房源，歷史資料(2025)中查無此 host_id 之 host_since 紀錄 (真實新房東/冷啟動)
1709305752307707612,597100626,Classic Studio Double Room｜Ximen Arts District 36,萬華區,Entire home/apt,"$1,026.67",65,2026年6/7月新上架房源，歷史資料(2025)中查無此 host_id 之 host_since 紀錄 (真實新房東/冷啟動)
1709369745536254842,753712274,中山晴光商圈、熱門,中山區,Entire home/apt,"$2,190.15",89,2026年6/7月新上架房源，歷史資料(2025)中查無此 host_id 之 host_since 紀錄 (真實新房東/冷啟動)
1710281012987072006,339757265,（月租/年租) 溫馨雅緻/老屋翻新捷運走路5分鐘 獨立房間/分享客廳衛浴 最多可入住4人,信義區,Private room,"$2,282.00",89,2026年6/7月新上架房源，歷史資料(2025)中查無此 host_id 之 host_since 紀錄 (真實新房東/冷啟動)
1710287728391326542,339757265,（月租/年租）輕鬆旅/安靜舒適/遠端工作 短期交換快樂單床房/捷運5分鐘,信義區,Private room,"$2,336.00",89,2026年6/7月新上架房源，歷史資料(2025)中查無此 host_id 之 host_since 紀錄 (真實新房東/冷啟動)
1710292884849743551,339757265,(月租/年租) 家庭旅居/團隊出訪 溫馨時尚/交通便捷 整層獨戶3房 最多可住8人,信義區,Entire home/apt,"$7,008.00",89,2026年6/7月新上架房源，歷史資料(2025)中查無此 host_id 之 host_since 紀錄 (真實新房東/冷啟動)
1710297974351159983,339757265,(月租/年租) 城市律動/輕快便捷 台北101 捷運5分鐘 獨立房間/共享衛浴客廳,信義區,Private room,"$1,762.00",87,2026年6/7月新上架房源，歷史資料(2025)中查無此 host_id 之 host_since 紀錄 (真實新房東/冷啟動)
1710885496628234484,1710883300111993108,西町捷運站6號出口旁 電梯家庭房2,萬華區,Entire home/apt,"$3,195.30",90,2026年6/7月新上架房源，歷史資料(2025)中查無此 host_id 之 host_since 紀錄 (真實新房東/冷啟動)
1712831718480470180,672757100,LONG-TERM | Sauna | Pool | 22F Loft | 7 min MRT,中山區,Entire home/apt,"$1,933.37",7,2026年6/7月新上架房源，歷史資料(2025)中查無此 host_id 之 host_since 紀錄 (真實新房東/冷啟動)
1712835897038093185,1712817129917235497,MRT BL19 Yongchun station bright spacious 1+1 loft,信義區,Entire home/apt,"$2,298.31",90,2026年6/7月新上架房源，歷史資料(2025)中查無此 host_id 之 host_since 紀錄 (真實新房東/冷啟動)
1713612403967861954,719435145,JL41棉花雲朵/台北101/台北車站5站/西門町6站/南京三民捷運站走路10分鐘/一樓住2-4人,信義區,Entire home/apt,"$1,553.49",28,2026年6/7月新上架房源，歷史資料(2025)中查無此 host_id 之 host_since 紀錄 (真實新房東/冷啟動)
1713657082486896260,597100626,50s Vibe Double Room | Near Ximen MRT Station 37,萬華區,Entire home/apt,$990.00,74,2026年6/7月新上架房源，歷史資料(2025)中查無此 host_id 之 host_since 紀錄 (真實新房東/冷啟動)
1714434944048278273,682917723,暑假特惠中｜西門町溫馨小宅｜步行商圈｜可住4人 ｜市中心最佳選擇,萬華區,Entire home/apt,"$3,002.50",85,2026年6/7月新上架房源，歷史資料(2025)中查無此 host_id 之 host_since 紀錄 (真實新房東/冷啟動)
1714445056869500962,194503323,New 2BR · Rooftop Pool · Shilin Night Market,士林區,Entire home/apt,"$4,677.65",86,2026年6/7月新上架房源，歷史資料(2025)中查無此 host_id 之 host_since 紀錄 (真實新房東/冷啟動)
1714947878229451733,745455109,Renovated Ensuite Room｜Near NTU｜Monthly Stay,中正區,Private room,"$1,078.52",90,2026年6/7月新上架房源，歷史資料(2025)中查無此 host_id 之 host_since 紀錄 (真實新房東/冷啟動)
1715002744938324021,745455109,Renovated Ensuite Room｜Near NTU｜Monthly Stay,中正區,Private room,"$2,186.17",89,2026年6/7月新上架房源，歷史資料(2025)中查無此 host_id 之 host_since 紀錄 (真實新房東/冷啟動)
1715131942777255450,597100626,Cozy Double Stay｜Westside Stay 38,萬華區,Entire home/apt,"$1,100.00",67,2026年6/7月新上架房源，歷史資料(2025)中查無此 host_id 之 host_since 紀錄 (真實新房東/冷啟動)
1715161686236710592,597100626,Modern Double Suite｜Close to Ximen Station 39,萬華區,Entire home/apt,"$2,443.00",34,2026年6/7月新上架房源，歷史資料(2025)中查無此 host_id 之 host_since 紀錄 (真實新房東/冷啟動)
1715811423046685555,682917723,團體客人首選｜可住30人｜7間套房同大樓｜樓中樓｜西門町,萬華區,Private room,"$35,730.00",85,2026年6/7月新上架房源，歷史資料(2025)中查無此 host_id 之 host_since 紀錄 (真實新房東/冷啟動)
1715905540196032422,1689774348322264248,"Blueground | Dazhi, balcony, nr Riverside Park",中山區,Entire home/apt,"$6,724.28",89,2026年6/7月新上架房源，歷史資料(2025)中查無此 host_id 之 host_since 紀錄 (真實新房東/冷啟動)
1715906465199989352,1689774348322264248,"Blueground | Dazhi, balcony, nr Dazhi Park",中山區,Entire home/apt,,89,2026年6/7月新上架房源，歷史資料(2025)中查無此 host_id 之 host_since 紀錄 (真實新房東/冷啟動)
1715907276584849103,1689774348322264248,"Blueground | Jingxin District, balcony, nr park",信義區,Entire home/apt,"$7,221.38",90,2026年6/7月新上架房源，歷史資料(2025)中查無此 host_id 之 host_since 紀錄 (真實新房東/冷啟動)
1715908120475934135,1689774348322264248,"Blueground | Neihu District,balcony, nr Taipei 101",內湖區,Entire home/apt,,89,2026年6/7月新上架房源，歷史資料(2025)中查無此 host_id 之 host_since 紀錄 (真實新房東/冷啟動)
1716055756943208380,308170779,Brand New Ximen Suite｜6 Guests｜Bidet,萬華區,Entire home/apt,"$5,673.33",87,2026年6/7月新上架房源，歷史資料(2025)中查無此 host_id 之 host_since 紀錄 (真實新房東/冷啟動)
1716277049337937723,191980313,Amber Retreat,松山區,Private room,"$2,339.50",71,2026年6/7月新上架房源，歷史資料(2025)中查無此 host_id 之 host_since 紀錄 (真實新房東/冷啟動)
1716411268843257254,1667812373107668662,Ximen Collect10｜１至５人｜升降梯｜高樓層,萬華區,Entire home/apt,"$3,001.50",86,2026年6/7月新上架房源，歷史資料(2025)中查無此 host_id 之 host_since 紀錄 (真實新房東/冷啟動)
1716596091325607905,1689774348322264248,"Blueground | Zhengshou District, balcony, nr park",中山區,Entire home/apt,,90,2026年6/7月新上架房源，歷史資料(2025)中查無此 host_id 之 host_since 紀錄 (真實新房東/冷啟動)
1716762952538911714,1709207096557820378,Bright Work-Ready Room｜MRT Zhongxiao Dunhua｜1Gbps,大安區,Private room,"$2,428.00",88,2026年6/7月新上架房源，歷史資料(2025)中查無此 host_id 之 host_since 紀錄 (真實新房東/冷啟動)
1717362126481062198,722949674,Warm and comfortable double room|Ximen Taipei 615,萬華區,Entire home/apt,"$1,355.00",82,2026年6/7月新上架房源，歷史資料(2025)中查無此 host_id 之 host_since 紀錄 (真實新房東/冷啟動)
1717377845019438418,722949674,Lively and Warm for Two | Ximen Taipei 603,萬華區,Entire home/apt,"$1,702.67",89,2026年6/7月新上架房源，歷史資料(2025)中查無此 host_id 之 host_since 紀錄 (真實新房東/冷啟動)
1718683052272612153,724168496,Ximending/Patio/Cityview/5ppl/5minMRT,萬華區,Entire home/apt,"$2,146.00",69,2026年6/7月新上架房源，歷史資料(2025)中查無此 host_id 之 host_since 紀錄 (真實新房東/冷啟動)
